dense 128 1 none 8128 3
0.7842578887939453
1.1697616577148438
0.38550376892089844
0.9887046813964844
0.20444679260253906
0.18105697631835938
0.5747833251953125
0.27807044982910156
0.5949783325195312
0.4139213562011719
1.1995925903320312
0.41533470153808594
0.17045211791992188
0.26787376403808594
0.6248092651367188
0.7959136962890625
0.12543678283691406
0.37384796142578125
0.19279098510742188
0.4035072326660156
0.40367889404296875
1.2580556869506836
0.5438108444213867
0.6071290969848633
0.5097074508666992
0.6832723617553711
0.7775812149047852
0.6692476272583008
1.151169776916504
0.3669118881225586
0.3956480026245117
0.29822635650634766
0.5763864517211914
0.5661001205444336
0.4577665328979492
0.21148109436035156
0.2744407653808594
0.5098171234130859
0.8953208923339844
0.714263916015625
0.3003425598144531
0.9251518249511719
0.5214729309082031
0.9836149215698242
0.8767290115356445
0.6222772598266602
0.8325052261352539
0.8958234786987305
0.7984018325805664
0.5544347763061523
1.0662755966186523
0.957942008972168
0.6357784271240234
0.5288925170898438
0.6583070755004883
1.374800682067871
0.5905427932739258
0.3051919937133789
0.3860960006713867
0.8000173568725586
0.4756441116333008
0.5788869857788086
0.3019371032714844
0.2236309051513672
1.1003599166870117
0.7525234222412109
0.5716447830200195
0.21261310577392578
0.5981168746948242
0.41705989837646484
0.3543977737426758
0.6279478073120117
0.22426891326904297
0.6864109039306641
0.5795249938964844
0.29720401763916016
0.9088325500488281
0.8031558990478516
1.2487287521362305
0.46447086334228516
0.07896709442138672
0.2600240707397461
0.673945426940918
0.16257953643798828
0.45281505584716797
0.6150016784667969
0.4035205841064453
0.9742879867553711
0.9036960601806641
0.3130645751953125
0.6770839691162109
0.8032722473144531
0.4589576721191406
0.5222759246826172
0.4248542785644531
0.22848892211914062
0.6927280426025391
0.5843944549560547
0.45478343963623047
0.3478975296020508
0.5288314819335938
0.3735475540161133
0.571528434753418
0.5352849960327148
0.5301485061645508
0.2573575973510742
0.7903413772583008
1.1758451461791992
0.9947881698608398
0.580866813659668
1.2056760787963867
0.801997184753418
1.264139175415039
1.1572532653808594
0.28052425384521484
0.8274478912353516
1.3808841705322266
0.577728271484375
1.254812240600586
0.8093557357788086
0.8518838882446289
0.6794900894165039
0.7428083419799805
0.6453866958618164
0.40141963958740234
0.9132604598999023
0.804926872253418
0.4061717987060547
0.34716033935546875
0.5774431228637695
0.22960662841796875
0.5229167938232422
0.7558174133300781
0.7506809234619141
0.22053241729736328
0.8579673767089844
0.7613763809204102
1.0237913131713867
1.0871095657348633
0.9896879196166992
0.7457208633422852
1.2575616836547852
1.1492280960083008
0.6798000335693359
0.6914615631103516
0.8495931625366211
0.1912860870361328
0.7965450286865234
1.100118637084961
1.0949821472167969
0.5648336410522461
1.0187339782714844
0.3443012237548828
1.4033851623535156
0.6191272735595703
0.2884864807128906
0.41468048095703125
0.8286018371582031
0.4589385986328125
0.6074714660644531
0.31864261627197266
0.2522153854370117
1.1289443969726562
0.7811079025268555
0.02858448028564453
0.8317403793334961
0.2963590621948242
0.6001129150390625
1.409468650817871
0.5515012741088867
0.825129508972168
0.5448369979858398
0.6270475387573242
0.6903657913208008
0.5929441452026367
0.34897708892822266
0.8608179092407227
0.7524843215942383
0.7132186889648438
0.6063327789306641
0.4528493881225586
0.2054576873779297
0.8299636840820312
0.7033748626708984
0.7038917541503906
0.2584352493286133
0.6219902038574219
0.30704689025878906
0.3967437744140625
0.8585481643676758
1.2235078811645508
0.43924999237060547
0.47999095916748047
0.3825693130493164
0.6487245559692383
0.6504430770874023
0.542109489440918
0.1271381378173828
0.08434295654296875
0.9490671157836914
0.6012306213378906
0.17479896545410156
0.6518630981445312
0.48786354064941406
0.42023563385009766
1.2295913696289062
0.3716239929199219
0.6452522277832031
0.19150447845458984
0.6786708831787109
1.4301681518554688
0.6459102630615234
0.260406494140625
0.4414634704589844
0.8553848266601562
0.3625335693359375
0.6342544555664062
0.41504764556884766
0.27899837493896484
1.1557273864746094
0.8078908920288086
0.11311054229736328
0.8585233688354492
0.19995403289794922
0.6268959045410156
1.4362516403198242
0.5782842636108398
0.8950281143188477
0.096405029296875
0.8853311538696289
0.28790950775146484
1.0432395935058594
0.25898170471191406
0.20821571350097656
0.1107940673828125
0.4684562683105469
0.37866783142089844
0.27033424377441406
0.3989133834838867
0.18743228912353516
0.768798828125
0.6876077651977539
0.3315610885620117
0.47159481048583984
0.21608829498291016
0.3140602111816406
1.0493230819702148
0.5345926284790039
0.8788938522338867
0.36014556884765625
0.49840259552001953
0.2717752456665039
0.3869285583496094
0.42643165588378906
0.6888465881347656
0.8211135864257812
0.6547431945800781
0.41077613830566406
0.9226169586181641
0.8142833709716797
0.9094076156616211
0.8025217056274414
0.5146484375
0.27362918853759766
1.0261526107788086
0.7651739120483398
0.900080680847168
0.4546241760253906
0.6837892532348633
0.5032358169555664
0.3349447250366211
1.0547370910644531
0.19618892669677734
0.8748598098754883
1.0815200805664062
0.6945915222167969
0.21520042419433594
0.8196296691894531
1.2051334381103516
1.0240764617919922
0.6101551055908203
1.234964370727539
0.8312854766845703
1.2934274673461914
1.1865415573120117
0.3098125457763672
0.7852907180786133
1.410172462463379
0.6070165634155273
1.2841005325317383
0.8386440277099609
0.04215717315673828
0.8872556686401367
0.9765768051147461
1.4387569427490234
0.5802087783813477
1.2588796615600586
1.4655399322509766
1.0786113739013672
0.641632080078125
1.043665885925293
0.25940799713134766
0.16741466522216797
0.26483631134033203
0.5088033676147461
0.15592670440673828
0.24775218963623047
0.7745437622070312
0.5630626678466797
0.7692251205444336
1.0632381439208984
0.4726066589355469
0.47202110290527344
0.2050628662109375
0.6896905899047852
1.0497493743896484
0.9102230072021484
1.2545242309570312
0.4559011459350586
0.8577804565429688
0.6474056243896484
0.3865022659301758
0.37563037872314453
0.9195795059204102
1.0790376663208008
0.5976667404174805
0.7000722885131836
0.7633905410766602
0.6659688949584961
0.42200183868408203
0.933842658996582
0.8255090713500977
0.6603889465332031
0.5535030364990234
0.525874137878418
0.1324329376220703
0.7771339416503906
0.7763996124267578
0.7712631225585938
0.24111461639404297
0.6950149536132812
0.25421714782714844
0.3237190246582031
0.8057184219360352
0.07302474975585938
0.6258411407470703
0.8325014114379883
0.5551748275756836
0.24901866912841797
0.652857780456543
0.9308052062988281
0.9901809692382812
0.8310146331787109
0.8943328857421875
0.7969112396240234
0.5529441833496094
1.0647850036621094
0.956451416015625
0.2872037887573242
0.4986848831176758
0.7157402038574219
0.3679037094116211
0.5891408920288086
0.9073419570922852
0.9022054672241211
0.3720569610595703
0.9962644577026367
0.15152454376220703
0.4119253158569336
0.6058464050292969
0.4453439712524414
0.41434192657470703
0.7022514343261719
0.6861171722412109
0.6415328979492188
1.025552749633789
1.0617475509643555
0.3925142288208008
0.1661367416381836
0.9028463363647461
1.2883501052856445
1.1072931289672852
0.6933717727661133
1.318181037902832
0.9145021438598633
1.3766441345214844
1.2697582244873047
0.39302921295166016
0.7408657073974609
1.4933891296386719
0.6902332305908203
1.3673171997070312
0.9218606948852539
0.4234943389892578
0.9704723358154297
0.6968441009521484
1.5219736099243164
0.6634254455566406
1.3420963287353516
1.5487565994262695
1.1618280410766602
0.4672365188598633
0.38133716583251953
1.1622543334960938
0.7162551879882812
1.108769416809082
0.3672819137573242
0.48221683502197266
0.8677206039428711
0.6866636276245117
0.3829374313354492
0.8975515365600586
0.49387264251708984
0.9560146331787109
0.8491287231445312
0.2790651321411133
0.9373722076416016
1.0727596282958984
0.2696037292480469
0.9466876983642578
0.5638246536254883
0.3081245422363281
0.7843570709228516
1.1286582946777344
1.101344108581543
0.7319145202636719
0.9214668273925781
1.128127098083496
0.7411985397338867
0.7937135696411133
0.33741283416748047
0.7416248321533203
0.8049392700195312
0.9358816146850586
0.5334186553955078
1.0851516723632812
0.6456890106201172
0.7090072631835938
0.6115856170654297
0.5103683471679688
0.8794593811035156
0.7711257934570312
0.17290401458740234
0.31335926055908203
0.8107109069824219
0.4628744125366211
0.40381526947021484
0.7220163345336914
0.7168798446655273
0.2818794250488281
1.0912351608276367
0.23326778411865234
0.5068960189819336
0.4205207824707031
0.5403146743774414
0.22901630401611328
0.5169258117675781
0.5007915496826172
0.7365036010742188
1.120523452758789
0.8764219284057617
0.4874849319458008
0.18532562255859375
1.203740119934082
0.7831106185913086
0.8155965805053711
0.9412145614624023
1.004532814025879
0.9071111679077148
0.6631441116333008
1.1749849319458008
1.0666513442993164
0.4424591064453125
0.6088848114013672
0.7670164108276367
0.19331932067871094
0.6993408203125
1.0175418853759766
1.0124053955078125
0.4822568893432617
0.9361572265625
0.26172447204589844
0.23734092712402344
0.7160463333129883
0.3141670227050781
0.5245418548583984
0.8124513626098633
0.7963171005249023
0.4669485092163086
0.8940000534057617
1.1719474792480469
0.24114227294921875
0.17458438873291016
0.9341850280761719
1.04608154296875
0.29552555084228516
0.6128835678100586
0.4871969223022461
0.5568780899047852
0.4530935287475586
0.20912647247314453
0.7209672927856445
0.6126337051391602
0.645172119140625
0.5382862091064453
0.3384428024291992
0.3453083038330078
0.7619171142578125
0.5635242462158203
0.6358451843261719
0.19038867950439453
0.6189670562744141
0.2390003204345703
0.5365943908691406
0.790501594543457
0.13985061645507812
0.6106243133544922
0.8172845840454102
0.4303560256958008
0.2642354965209961
0.6482553482055664
0.7179298400878906
0.2128753662109375
0.37729740142822266
0.7314720153808594
0.5920639038085938
0.47226810455322266
0.45401763916015625
0.35046958923339844
0.4337882995605469
0.8192920684814453
0.6382350921630859
0.22431373596191406
0.8491230010986328
0.44544410705566406
0.9075860977172852
0.8007001876831055
0.07602882385253906
0.6710119247436523
1.0243310928344727
0.23782062530517578
0.898259162902832
0.4528026580810547
0.3565530776977539
0.5179967880249023
0.8622980117797852
1.0529155731201172
0.46555423736572266
0.8730382919311523
1.0796985626220703
0.6927700042724609
0.5273532867431641
0.38584136962890625
0.6931962966918945
0.538578987121582
0.6695213317871094
0.4690580368041992
0.2663602828979492
0.7346820831298828
0.7797212600708008
0.32570362091064453
1.3209848403930664
0.5367269515991211
0.15122318267822266
0.33228015899658203
0.7462015151977539
0.14989566802978516
0.5250711441040039
0.627685546875
0.41620445251464844
1.046544075012207
0.9163799285888672
0.3257484436035156
0.7493400573730469
0.07225608825683594
0.5428323745727539
1.3270683288574219
0.7633647918701172
1.107666015625
0.30904293060302734
0.7761478424072266
0.5005474090576172
0.21263790130615234
0.27774524688720703
0.9723367691040039
1.3563566207885742
0.27731895446777344
0.7839469909667969
0.9148893356323242
1.4395732879638672
1.0189437866210938
0.7295637130737305
1.0250892639160156
0.7081012725830078
0.970515251159668
1.5608959197998047
0.7766380310058594
0.39113426208496094
0.5721912384033203
0.9861125946044922
0.36130332946777344
0.7649822235107422
0.4175081253051758
0.4097261428833008
1.2864551544189453
0.9386186599731445
0.1860952377319336
0.9892511367797852
0.3121671676635742
0.7576236724853516
1.5669794082641602
0.7090120315551758
0.982640266418457
0.15751075744628906
1.0160589218139648
0.3373880386352539
0.13072776794433594
0.5176563262939453
1.2122478485107422
1.5962677001953125
0.5172300338745117
0.9632291793823242
0.7047119140625
1.6794843673706055
1.258854866027832
0.5193862915039062
0.8149118423461914
0.9480123519897461
1.2104263305664062
0.23991107940673828
0.5894975662231445
0.19476032257080078
0.5802640914916992
0.39920711517333984
0.21356487274169922
0.6100950241088867
0.20641613006591797
0.6685581207275391
0.5616722106933594
0.31505680084228516
0.7679996490478516
0.7853031158447266
0.14083290100097656
0.6592311859130859
0.3944520950317383
0.5955810546875
0.6149845123291016
0.9592857360839844
0.8138875961303711
0.5625419616699219
0.6340103149414062
0.8406705856323242
0.45374202728271484
0.6243410110473633
0.6248693466186523
0.45416831970214844
0.6355667114257812
0.7665090560913086
0.7080860137939453
0.2874565124511719
0.5811834335327148
0.876708984375
0.42269134521484375
0.2390279769897461
0.7314872741699219
0.9713983535766602
1.1851530075073242
0.4008951187133789
0.015391349792480469
0.19644832611083984
0.6103696823120117
0.16117191314697266
0.3892393112182617
0.6164093017578125
0.40492820739746094
0.9107122421264648
0.9051036834716797
0.3144721984863281
0.6135082244873047
0.06357574462890625
0.5315561294555664
1.1912364959716797
0.7520885467529297
1.0963897705078125
0.29776668548583984
0.69964599609375
0.4892711639404297
0.24501514434814453
0.21749591827392578
0.8365049362182617
1.220524787902832
0.15813446044921875
0.7726707458496094
0.9036130905151367
1.303741455078125
0.8831119537353516
0.718287467956543
1.0138130187988281
0.5722694396972656
0.8346834182739258
0.1358318328857422
0.37574291229248047
0.5956554412841797
0.7522487640380859
0.1489887237548828
0.4175128936767578
0.23645591735839844
0.4270591735839844
0.4473438262939453
0.04366493225097656
0.6927995681762695
0.48131847381591797
0.47780799865722656
0.9814939498901367
0.6225519180297852
0.1806039810180664
0.49647998809814453
0.6079463958740234
0.7583322525024414
0.8284788131713867
1.1727800369262695
0.6511363983154297
0.776036262512207
0.5656614303588867
0.6779193878173828
0.2938861846923828
0.8378353118896484
0.7876205444335938
0.29141712188720703
0.8490610122680664
0.9800033569335938
0.8708372116088867
0.4502077102661133
0.794677734375
1.0902032852172852
0.6361856460571289
0.4017791748046875
0.5687360763549805
0.8086471557617188
0.21349430084228516
0.4329042434692383
1.3359661102294922
0.5517082214355469
0.356353759765625
0.3472614288330078
0.7611827850341797
0.5268058776855469
0.5400524139404297
0.2507753372192383
0.18479633331298828
1.0615253448486328
0.713688850402832
0.051161766052246094
0.7643213272094727
0.3642263412475586
0.5326938629150391
1.3420495986938477
0.4840822219848633
0.7577104568481445
0.06786727905273438
0.7911291122436523
0.12363719940185547
0.16427230834960938
0.2927265167236328
0.9873180389404297
1.371337890625
0.523768424987793
0.7382993698120117
0.5379791259765625
1.454554557800293
1.0339250564575195
0.35265350341796875
0.6481790542602539
0.7230825424194336
0.9854965209960938
0.3769102096557617
0.2249298095703125
0.7464685440063477
0.3656339645385742
0.5837173461914062
0.9236011505126953
0.3513050079345703
0.4146232604980469
0.3172016143798828
0.3488178253173828
0.5850753784179688
0.4767417907714844
0.3344545364379883
0.2275686264038086
0.6491603851318359
0.4812002182006836
0.4511995315551758
0.42763233184814453
0.42249584197998047
0.12032890319824219
0.9296846389770508
0.3281850814819336
0.6724863052368164
0.4797840118408203
0.37876415252685547
0.29990673065185547
0.5065670013427734
0.2064075469970703
0.5749530792236328
0.9589729309082031
0.5820379257202148
0.3487672805786133
0.4797096252441406
1.042189598083496
0.6215600967407227
0.2943840026855469
0.589909553527832
0.3107175827026367
0.5731315612792969
0.4351797103881836
0.6372947692871094
0.3341035842895508
0.4239034652709961
0.5002937316894531
0.4123649597167969
0.7758092880249023
0.5133943557739258
0.6348714828491211
0.5474977493286133
0.7914648056030273
0.6647024154663086
0.3879575729370117
1.0572052001953125
0.8457241058349609
0.6875925064086914
1.3458995819091797
0.8399105072021484
0.43706703186035156
0.7138385772705078
0.9723520278930664
0.5409736633300781
1.1928844451904297
1.5371856689453125
0.868494987487793
1.14044189453125
0.9300670623779297
0.8952779769897461
0.6582918167114258
1.2022409439086914
0.5702619552612305
0.5087757110595703
1.2134666442871094
1.3444089889526367
0.9419460296630859
0.4085273742675781
1.159083366394043
1.4546089172363281
1.0005912780761719
0.6748876571655273
0.7860946655273438
1.026005744934082
0.5778999328613281
0.6502628326416016
0.36440563201904297
0.8064298629760742
0.8646993637084961
1.1862354278564453
0.4019775390625
0.08019256591796875
0.19753074645996094
0.6114521026611328
0.2506446838378906
0.3903217315673828
0.5269365310668945
0.31545543670654297
0.9117946624755859
0.8156309127807617
0.22499942779541016
0.6145906448364258
0.08806514739990234
0.44208335876464844
1.1923189163208008
0.6626157760620117
1.0069169998168945
0.2171497344970703
0.6413984298706055
0.3997983932495117
0.24393272399902344
0.14299583435058594
0.8375873565673828
1.2216072082519531
0.24760723114013672
0.6831979751586914
0.8141403198242188
1.304823875427246
0.8841943740844727
0.628814697265625
0.9243402481079102
0.5733518600463867
0.8357658386230469
0.1347494125366211
0.3746604919433594
0.5967378616333008
0.08947277069091797
0.4339866638183594
0.27616119384765625
0.3344306945800781
0.6513452529907227
0.16565513610839844
0.7681827545166016
1.1536865234375
0.9726295471191406
0.5587081909179688
1.1835174560546875
0.7798385620117188
1.2419805526733398
1.1350946426391602
0.2583656311035156
0.7357454299926758
1.3587255477905273
0.5555696487426758
1.2326536178588867
0.7871971130371094
0.09170246124267578
0.8358087539672852
0.9270315170288086
1.3873100280761719
0.5302877426147461
1.207432746887207
1.414093017578125
1.0271644592285156
0.5920867919921875
0.05144691467285156
1.0275907516479492
0.6033124923706055
0.9741058349609375
0.33179187774658203
0.2859659194946289
1.0690765380859375
0.8444547653198242
0.5968084335327148
0.3343944549560547
1.3049097061157227
1.544820785522461
0.5734224319458008
1.1690778732299805
0.7361736297607422
1.3198909759521484
0.9075260162353516
0.6101541519165039
1.1701602935791016
1.528890609741211
0.7446327209472656
0.3591289520263672
0.5401859283447266
0.9541072845458984
0.5090503692626953
0.7329769134521484
0.27083492279052734
0.37772083282470703
1.2544498443603516
0.9066133499145508
0.15408992767333984
0.9572458267211914
0.34647083282470703
0.7256183624267578
1.5349740982055664
0.677006721496582
0.9506349563598633
0.1255054473876953
0.9840536117553711
0.30538272857666016
0.1465167999267578
0.48565101623535156
1.1802425384521484
1.5642623901367188
0.5060129165649414
0.9312238693237305
0.5557346343994141
1.6474790573120117
1.2268495559692383
0.4437389373779297
0.7132940292358398
0.9160070419311523
1.1784210205078125
0.35915470123291016
0.14897727966308594
0.9393930435180664
0.34787845611572266
0.776641845703125
0.19292449951171875
0.6052894592285156
0.9940004348754883
0.3426551818847656
1.5128154754638672
0.9208602905273438
0.16275596618652344
0.2489013671875
0.19685935974121094
0.440826416015625
0.2787322998046875
0.12494659423828125
0.7065668106079102
0.4950857162475586
0.6464195251464844
0.9952611923217773
0.45394039154052734
0.3492155075073242
0.3278684616088867
0.6217136383056641
0.9269437789916992
0.8422460556030273
1.1865472793579102
0.4825248718261719
0.7898035049438477
0.5794286727905273
0.509307861328125
0.30765342712402344
0.8516025543212891
0.9562320709228516
0.12280559539794922
0.862828254699707
0.9937705993652344
1.0394487380981445
0.6188192367553711
0.8084449768066406
1.1039705276489258
0.6499528884887695
0.5703907012939453
0.40012454986572266
0.6400356292724609
0.3313627243041992
0.26429271697998047
0.1686115264892578
0.4557914733886719
0.5140609741210938
0.3859701156616211
0.26537513732910156
0.90478515625
0.6080303192138672
0.12322330474853516
0.6610345840454102
1.0465383529663086
0.8654813766479492
0.45156002044677734
1.076369285583496
0.6726903915405273
1.1348323822021484
1.0279464721679688
0.15121746063232422
0.6710147857666016
1.251577377319336
0.4484214782714844
1.1255054473876953
0.680048942565918
0.15643310546875
0.7286605834960938
0.8623008728027344
1.2801618576049805
0.4655570983886719
1.1002845764160156
1.3069448471069336
0.9200162887573242
0.5273561477661133
0.15859508514404297
0.9204425811767578
0.5385818481445312
0.8669576644897461
0.2670612335205078
0.266357421875
0.9619283676147461
0.77972412109375
0.48966026306152344
0.22724628448486328
1.1977615356445312
1.4376726150512695
0.4662742614746094
1.061929702758789
0.6290254592895508
1.212742805480957
0.8003778457641602
0.6748847961425781
1.0630121231079102
0.1071481704711914
1.4056673049926758
0.7976369857788086
0.2687854766845703
0.5611953735351562
0.9466991424560547
0.7656421661376953
0.35172080993652344
0.9765300750732422
0.5728511810302734
1.0349931716918945
0.9281072616577148
0.18056869506835938
0.8388757705688477
1.151738166809082
0.34858226776123047
1.0256662368774414
0.5802097320556641
0.22914600372314453
0.6858606338500977
1.0301618576049805
1.1803226470947266
0.633418083190918
1.0004453659057617
1.2071056365966797
0.8201770782470703
0.6952171325683594
0.2584342956542969
0.8206033706665039
0.7064428329467773
0.8373851776123047
0.4349222183227539
0.0984964370727539
0.8620891571044922
0.9475851058959961
0.49356746673583984
0.1678638458251953
1.0979223251342773
1.3378334045410156
0.36643505096435547
0.9620904922485352
0.5291862487792969
1.1129035949707031
0.7005386352539062
0.507023811340332
0.9631729125976562
0.2069873809814453
1.3058280944824219
0.6977977752685547
0.1678609848022461
1.5709428787231445
0.7866849899291992
0.4011812210083008
0.5822381973266602
0.996159553527832
0.4243783950805664
0.775029182434082
0.35320281982421875
0.4197731018066406
1.2965021133422852
0.9486656188964844
0.19614219665527344
0.999298095703125
0.32221412658691406
0.7676706314086914
1.5770263671875
0.7190589904785156
0.9926872253417969
0.1675577163696289
1.0261058807373047
0.34743499755859375
0.14077472686767578
0.5277032852172852
1.222294807434082
1.6063146591186523
0.5272769927978516
0.9732761383056641
0.640406608581543
1.6895313262939453
1.2689018249511719
0.4857912063598633
0.7553462982177734
0.9580593109130859
1.220473289489746
0.27448272705078125
0.06430530548095703
0.9814453125
0.3857898712158203
0.8186941146850586
0.23497676849365234
0.6473417282104492
1.0360527038574219
0.3847074508666992
1.5548677444458008
0.0846719741821289
0.6500825881958008
1.4477195739746094
1.3478803634643555
1.3472881317138672
0.5630302429199219
0.3656425476074219
0.3585834503173828
0.7725048065185547
0.5360946655273438
0.5513744354248047
0.2414865493774414
0.19611835479736328
1.0728473663330078
0.725010871887207
0.06045055389404297
0.7756433486938477
0.37351512908935547
0.5440158843994141
1.3533716201782227
0.4954042434692383
0.7690324783325195
0.07715606689453125
0.8024511337280273
0.1237802505493164
0.17356109619140625
0.3040485382080078
0.9986400604248047
1.382659912109375
0.5330572128295898
0.7496213912963867
0.5286903381347656
1.465876579284668
1.0452470779418945
0.3433647155761719
0.638890266418457
0.7344045639038086
0.9968185424804688
0.3861989974975586
0.2136077880859375
0.7577905654907227
0.3749227523803711
0.5950393676757812
0.011322021484375
0.4236869812011719
0.8157186508178711
0.2854499816894531
1.3312129974365234
0.18160247802734375
0.46508026123046875
1.224064826965332
1.1242256164550781
0.22365474700927734
0.5158023834228516
0.26845550537109375
0.6539592742919922
0.4729022979736328
0.3653526306152344
0.6837902069091797
0.28011131286621094
0.742253303527832
0.6353673934936523
0.26148033142089844
0.9197874069213867
0.8589982986450195
0.05584239959716797
0.7329263687133789
0.5462398529052734
0.521885871887207
0.7667722702026367
1.1110734939575195
0.8875827789306641
0.714329719543457
0.7077054977416992
0.9143657684326172
0.5274372100830078
0.7761287689208984
0.5511741638183594
0.5278635025024414
0.7873544692993164
0.9182968139648438
0.6343908309936523
0.2137613296508789
0.73297119140625
1.0284967422485352
0.5744791030883789
0.24877548217773438
0.8051824569702148
1.0450935363769531
0.15178775787353516
0.6693506240844727
0.23644638061523438
0.8201637268066406
0.4385871887207031
0.42611217498779297
0.6704330444335938
0.4997272491455078
1.0130882263183594
0.4050579071044922
0.3925790786743164
0.2927398681640625
1.055140495300293
0.8314857482910156
1.0807552337646484
0.2964973449707031
0.20819854736328125
0.3056201934814453
0.5495872497558594
0.11883735656738281
0.28484153747558594
0.8153276443481445
0.603846549987793
0.8063144683837891
1.1040220260620117
0.5133905410766602
0.5091104507446289
0.20032596588134766
0.7304744720458984
1.086838722229004
0.9510068893432617
1.2953081130981445
0.4966850280761719
0.898564338684082
0.6881895065307617
0.4002799987792969
0.4164142608642578
0.9603633880615234
1.1161270141601562
0.04078388214111328
0.9715890884399414
1.1025314331054688
1.1993436813354492
0.7787141799926758
0.917205810546875
1.2127313613891602
0.7587137222290039
0.73028564453125
0.24022960662841797
0.48014068603515625
0.4912576675415039
0.19891834259033203
0.3285064697265625
0.5645523071289062
0.6228218078613281
0.5458650588989258
0.28839111328125
1.0646800994873047
0.5467967987060547
0.1598949432373047
0.9575319290161133
0.8576927185058594
0.4901876449584961
0.5738410949707031
0.5649528503417969
1.3071718215942383
0.522913932800293
0.36966419219970703
0.3184671401977539
0.7323884963989258
0.5401163101196289
0.5112581253051758
0.23746490478515625
0.15600204467773438
1.032731056213379
0.6848945617675781
0.06762886047363281
0.7355270385742188
0.3775367736816406
0.5038995742797852
1.3132553100585938
0.4552879333496094
0.7289161682128906
0.09621334075927734
0.7623348236083984
0.11032676696777344
0.1775827407836914
0.2639322280883789
0.9585237503051758
1.342543601989746
0.537078857421875
0.7095050811767578
0.5246686935424805
1.425760269165039
1.0051307678222656
0.3393430709838867
0.6348686218261719
0.6942882537841797
0.9567022323608398
0.39022064208984375
0.2537240982055664
0.7176742553710938
0.37894439697265625
0.5549230575561523
0.028794288635253906
0.38357067108154297
0.8197402954101562
0.2894716262817383
1.2910966873168945
0.22171878814697266
0.4691019058227539
1.1839485168457031
1.0841093063354492
0.26377105712890625
0.040116310119628906
0.7913694381713867
0.5778627395629883
0.8441963195800781
0.13477516174316406
0.3255653381347656
0.14450836181640625
0.2694129943847656
0.3685455322265625
0.2602119445800781
0.41385936737060547
0.3069734573364258
0.5697555541992188
0.6977300643920898
0.530604362487793
0.2725515365600586
0.40453243255615234
0.32418251037597656
0.8502798080444336
0.5447149276733398
0.8890161514282227
0.5591888427734375
0.49227237701416016
0.37931156158447266
0.5859718322753906
0.19904327392578125
0.5540714263916016
0.8795680999755859
0.3655080795288086
0.5652971267700195
0.6962394714355469
0.9627847671508789
0.5421552658081055
0.5109138488769531
0.8064393997192383
0.35242176055908203
0.4937267303466797
0.4767885208129883
0.7166996002197266
0.2546987533569336
0.3409566879272461
0.2837638854980469
0.49176979064941406
0.21652984619140625
0.6481695175170898
0.3420391082763672
0.8281211853027344
0.6846942901611328
0.2975311279296875
0.720973014831543
0.6211338043212891
0.7267465591430664
0.5030918121337891
0.32839393615722656
0.4062919616699219
0.46297550201416016
0.8137979507446289
0.029540061950683594
0.35596370697021484
0.17490673065185547
0.27249622344970703
0.38579463958740234
0.1310110092163086
0.5382366180419922
0.337371826171875
0.5393571853637695
0.8269309997558594
0.5610027313232422
0.24215316772460938
0.43493080139160156
0.4533834457397461
0.8198814392089844
0.6739158630371094
1.0182170867919922
0.5895872116088867
0.6214733123779297
0.4110984802246094
0.6163702011108398
0.22944164276123047
0.6832723617553711
0.8491697311401367
0.23630714416503906
0.6944980621337891
0.8254404067993164
0.9323863983154297
0.5117568969726562
0.6401147842407227
0.9356403350830078
0.48162269592285156
0.46332836151123047
0.5071868896484375
0.7470979690551758
0.22430038452148438
0.3713550567626953
0.15456295013427734
0.5221681594848633
0.3457307815551758
0.5189685821533203
0.3724374771118164
0.7977228164672852
0.715092658996582
0.16833019256591797
0.6905746459960938
0.5907354354858398
0.7571449279785156
0.5334901809692383
0.29799556732177734
0.27709102630615234
0.4933738708496094
0.12920093536376953
1.1661548614501953
0.656982421875
0.7203006744384766
0.6228790283203125
0.5913715362548828
0.8907527923583984
0.7824192047119141
0.11317157745361328
0.32465267181396484
0.8917140960693359
0.5438776016235352
0.41510868072509766
0.7333097457885742
0.7281732559204102
0.3628826141357422
1.1722383499145508
0.3142709732055664
0.5878992080688477
0.43181419372558594
0.6213178634643555
0.2403097152709961
0.5282192230224609
0.5120849609375
0.8175067901611328
1.2015266418457031
0.8877153396606445
0.5684881210327148
0.17597389221191406
1.284743309020996
0.8641138076782227
0.08100318908691406
0.3505582809448242
0.5532712936401367
0.8156852722167969
0.7408571243286133
0.5306797027587891
0.5924768447875977
0.7295808792114258
0.8059711456298828
0.36394691467285156
0.3056774139404297
1.1703767776489258
0.6401081085205078
1.1500797271728516
0.3817024230957031
0.8197383880615234
1.0429315567016602
0.9430923461914062
0.46637439727783203
0.3546581268310547
0.7442646026611328
0.9284992218017578
0.35063648223876953
0.5222072601318359
0.6514081954956055
0.8218803405761719
0.659698486328125
0.7230167388916016
0.6255950927734375
0.38162803649902344
0.8934688568115234
0.7851352691650391
0.4361753463745117
0.32928943634033203
0.5474395751953125
0.19960308074951172
0.5529203414916992
0.7360258102416992
0.7308893203735352
0.20074081420898438
0.8279638290405273
0.03000354766845703
0.3640928268432617
0.5815048217773438
0.27704334259033203
0.4016275405883789
0.6082878112792969
0.514801025390625
0.4732322692871094
0.8572521209716797
0.8904314041137695
0.2242136001586914
0.17131614685058594
0.9404687881469727
0.7645654678344727
0.2632713317871094
0.28151607513427734
0.20899677276611328
0.49820518493652344
0.7435731887817383
0.7390155792236328
0.5951929092407227
0.7322969436645508
0.8086872100830078
0.5140857696533203
0.3083934783935547
1.1730928421020508
0.6428241729736328
0.8058052062988281
0.7070102691650391
0.8224544525146484
0.6986570358276367
0.6660690307617188
0.7490625381469727
0.5254077911376953
0.7469806671142578
0.9312152862548828
0.4852914810180664
0.5249233245849609
0.6541242599487305
0.34427452087402344
0.6387701034545898
0.14548778533935547
0.5309915542602539
0.34993457794189453
0.2795553207397461
0.5608224868774414
0.15714359283447266
0.6192855834960938
0.5123996734619141
0.36432933807373047
0.8339900970458984
0.7360305786132812
0.07484245300292969
0.6099586486816406
0.46044254302978516
0.6448535919189453
0.6809749603271484
1.0252761840820312
0.7646150588989258
0.6285324096679688
0.5847377777099609
0.7913980484008789
0.40446949005126953
0.6903314590454102
0.6741418838500977
0.4048957824707031
0.7015571594238281
0.8324995040893555
0.7573585510253906
0.3367290496826172
0.6471738815307617
0.9426994323730469
0.4886817932128906
0.2883005142211914
0.6822147369384766
0.9221258163452148
0.06599044799804688
0.5463829040527344
0.14750385284423828
0.6971960067749023
0.35278987884521484
0.5119094848632812
0.5474653244018555
0.6226949691772461
0.8901205062866211
0.2820901870727539
0.5155467987060547
0.4157075881958008
0.9321727752685547
0.7085180282592773
0.12296772003173828
0.4419851303100586
0.6684017181396484
0.20542621612548828
0.17502784729003906
0.6584672927856445
0.6611833572387695
0.3815336227416992
0.4027242660522461
0.7882280349731445
0.6071710586547852
0.3575448989868164
0.818058967590332
0.4143800735473633
0.8765220642089844
0.7696361541748047
0.25367259979248047
0.9119796752929688
0.9932670593261719
0.1901111602783203
0.8671951293945312
0.5384321212768555
0.3876171112060547
0.7589645385742188
1.1032657623291016
1.0218515396118164
0.7065219879150391
0.8419742584228516
1.0486345291137695
0.6617059707641602
0.7683210372924805
0.41690540313720703
0.6621322631835938
0.7795467376708984
0.9104890823364258
0.508026123046875
0.07949256896972656
0.725163459777832
1.0206890106201172
0.5666713714599609
0.2409677505493164
0.9394512176513672
1.1793622970581055
0.2079639434814453
0.803619384765625
0.3707151412963867
0.954432487487793
0.5420675277709961
0.43391990661621094
0.8047018051147461
0.36545848846435547
1.1473569869995117
0.5393266677856445
0.25831031799316406
0.15847110748291016
1.1894092559814453
0.965754508972168
0.13426876068115234
0.6992216110229492
0.9256381988525391
0.4626626968383789
0.4322643280029297
0.7846212387084961
0.7391729354858398
0.2572364807128906
0.12764835357666016
0.7830991744995117
1.1686029434204102
0.9875459671020508
0.5736246109008789
1.1984338760375977
0.7947549819946289
1.25689697265625
1.1500110626220703
0.2732820510864258
0.6977386474609375
1.3736419677734375
0.5704860687255859
1.2475700378417969
0.8021135330200195
0.12970924377441406
0.8507251739501953
0.8890247344970703
1.402226448059082
0.5436782836914062
1.2223491668701172
1.4290094375610352
1.0420808792114258
0.5540800094604492
0.08755207061767578
1.0425071716308594
0.5965080261230469
0.9890222549438477
0.29378509521484375
0.30088233947753906
1.0839929580688477
0.8144378662109375
0.611724853515625
0.34931087493896484
1.3198261260986328
1.559737205505371
0.5883388519287109
1.1839942932128906
0.7510900497436523
1.3348073959350586
0.9224424362182617
0.6481609344482422
1.1850767135620117
0.03800678253173828
1.5277318954467773
0.9197015762329102
0.12206459045410156
0.22190380096435547
1.569784164428711
1.3461294174194336
0.514643669128418
1.0795965194702148
1.3060131072998047
0.8430376052856445
0.8126392364501953
1.1649961471557617
0.8207216262817383
0.6376113891601562
0.3803749084472656
0.18618392944335938
0.9704418182373047
1.3559455871582031
1.1748886108398438
0.7609672546386719
1.3857765197753906
0.9820976257324219
1.444239616394043
1.3373537063598633
0.46062469482421875
0.8084611892700195
1.5609846115112305
0.7578287124633789
1.4349126815795898
0.9894561767578125
0.21246623992919922
1.0380678176879883
0.8062677383422852
1.589569091796875
0.7310209274291992
1.4096918106079102
1.6163520812988281
1.2294235229492188
0.5348320007324219
0.17030906677246094
1.2298498153686523
0.7838506698608398
1.1763648986816406
0.2110280990600586
0.48822498321533203
1.2713356018066406
1.0017805099487305
0.799067497253418
0.5366535186767578
1.5071687698364258
1.747079849243164
0.7756814956665039
1.3713369369506836
0.9384326934814453
1.5221500396728516
1.1097850799560547
0.7309179306030273
1.3724193572998047
0.20225906372070312
1.7150745391845703
1.1070442199707031
0.30940723419189453
0.40924644470214844
1.757126808166504
1.5334720611572266
0.7019863128662109
1.2669391632080078
1.4933557510375977
1.0303802490234375
0.9999818801879883
1.3523387908935547
1.0080642700195312
0.8249540328979492
0.5677175521850586
0.18734264373779297
1.3175649642944336
0.5333070755004883
0.14780330657958984
0.3288602828979492
0.7427816390991211
0.3021707534790039
0.5216512680053711
0.47541046142578125
0.2639293670654297
1.0431241989135742
0.7641048431396484
0.17347335815429688
0.7459201812744141
0.13959121704101562
0.5142927169799805
1.323648452758789
0.6110897064208984
0.9553909301757812
0.1567678451538086
0.7727279663085938
0.34827232360839844
0.11260318756103516
0.2743253707885742
0.9689168930053711
1.3529367446899414
0.29913330078125
0.7198982238769531
0.7626142501831055
1.4361534118652344
1.015523910522461
0.5772886276245117
0.8728141784667969
0.704681396484375
0.9670953750610352
0.15227508544921875
0.2433309555053711
0.7280673980712891
0.14099884033203125
0.5653162002563477
0.22463512420654297
0.3939638137817383
0.7826747894287109
0.13132953643798828
1.3014898300170898
0.21132564544677734
0.39670467376708984
1.1943416595458984
1.0945024490356445
0.25337791442871094
0.23392391204833984
0.801762580871582
0.3399171829223633
0.237945556640625
0.47336864471435547
0.5037670135498047
0.5885820388793945
0.5912981033325195
0.6787948608398438
0.9360313415527344
1.31640625
1.503748893737793
0.2292623519897461
0.738133430480957
1.1236371994018555
0.9425802230834961
0.5286588668823242
1.153468132019043
0.7497892379760742
1.2119312286376953
1.1050453186035156
0.2283163070678711
0.7993526458740234
1.3286762237548828
0.5255203247070312
1.2026042938232422
0.7571477890014648
0.05220794677734375
0.8057594299316406
0.9906387329101562
1.3572607040405273
0.5938949584960938
1.1773834228515625
1.3840436935424805
0.9971151351928711
0.6556940078735352
0.0814962387084961
0.9975414276123047
0.6669197082519531
0.944056510925293
0.3953990936279297
0.2559165954589844
1.039027214050293
0.9080619812011719
0.5667591094970703
0.30434513092041016
1.2748603820800781
1.5147714614868164
0.5433731079101562
1.139028549194336
0.7061243057250977
1.289841651916504
0.877476692199707
0.5465469360351562
1.140110969543457
0.06360721588134766
1.4827661514282227
0.8747358322143555
0.12833786010742188
0.17693805694580078
1.5248184204101562
1.301163673400879
0.4696779251098633
1.0346307754516602
1.26104736328125
0.7980718612670898
0.7676734924316406
1.120030403137207
0.7757558822631836
0.5926456451416016
0.33540916442871094
0.10161399841308594
0.23230838775634766
1.2714405059814453
0.6083774566650391
0.17588043212890625
0.5613842010498047
0.3803272247314453
0.22504806518554688
0.5912151336669922
0.18753623962402344
0.6496782302856445
0.5427923202514648
0.3339366912841797
0.7794828414916992
0.766423225402832
0.1293497085571289
0.6403512954711914
0.40593528747558594
0.6144609451293945
0.6264677047729492
0.970768928527832
0.7950077056884766
0.5740251541137695
0.6151304244995117
0.8217906951904297
0.4348621368408203
0.6358242034912109
0.6437492370605469
0.4352884292602539
0.6470499038696289
0.7779922485351562
0.7269659042358398
0.3063364028930664
0.5926666259765625
0.8881921768188477
0.4341745376586914
0.2579078674316406
0.7126073837280273
0.9525184631347656
0.01887989044189453
0.5767755508422852
0.2020111083984375
0.7275886535644531
0.31522369384765625
0.5664167404174805
0.5778579711914062
0.5923023223876953
0.9205131530761719
0.3124828338623047
0.4851541519165039
0.38531494140625
0.9625654220581055
0.7389106750488281
0.1403045654296875
0.4723777770996094
0.6987943649291992
0.23581886291503906
0.20542049407958984
0.6039600372314453
0.6066761016845703
0.05450725555419922
0.22684383392333984
0.6072187423706055
0.7945613861083984
0.7091875076293945
0.5622529983520508
0.880854606628418
0.3710031509399414
0.43432140350341797
0.3368997573852539
0.30607128143310547
0.6047735214233398
0.49643993377685547
0.3772010803222656
0.27031517028808594
0.6064138412475586
0.4615020751953125
0.4939460754394531
0.4473304748535156
0.44219398498535156
0.08795452117919922
0.8869380950927734
0.3084869384765625
0.6527881622314453
0.5225305557250977
0.3360176086425781
0.3426532745361328
0.5493135452270508
0.2261056900024414
0.5322065353393555
0.9162263870239258
0.6017360687255859
0.3290691375732422
0.46001148223876953
0.9994430541992188
0.5788135528564453
0.2746858596801758
0.5702114105224609
0.2679710388183594
0.5303850173950195
0.4548778533935547
0.6800413131713867
0.30649757385253906
0.4436016082763672
0.5199918746948242
0.4551115036010742
0.042746543884277344
0.8843975067138672
0.3541288375854492
0.8647794723510742
0.648036003112793
0.5337591171264648
0.7576313018798828
0.6577920913696289
0.6900882720947266
0.4664335250854492
0.4582853317260742
0.6425199508666992
0.4263172149658203
0.23622798919677734
0.3654289245605469
0.2859792709350586
0.2886953353881836
0.37248802185058594
0.49932098388671875
0.8796958923339844
1.0670385360717773
0.4367103576660156
0.8347301483154297
0.3179807662963867
0.3213977813720703
0.462860107421875
0.8483638763427734
0.6673069000244141
0.2533855438232422
0.8781948089599609
0.4745159149169922
0.9366579055786133
0.8297719955444336
0.11304855346679688
0.5452585220336914
1.0534029006958008
0.3635740280151367
0.9273309707641602
0.4818744659423828
0.3274812698364258
0.5304861068725586
0.7365446090698242
1.0819873809814453
0.3398008346557617
0.9021100997924805
1.1087703704833984
0.7218418121337891
0.4015998840332031
0.3567695617675781
0.7222681045532227
0.4128255844116211
0.6687831878662109
0.4399862289428711
0.39211368560791016
0.7637538909912109
0.6539678573608398
0.2914857864379883
0.12575340270996094
0.9995870590209961
1.2394981384277344
0.2680997848510742
0.8637552261352539
0.4362354278564453
1.0145683288574219
0.602203369140625
0.8006410598754883
0.864837646484375
0.30532264709472656
1.2074928283691406
0.5994625091552734
0.19817447662353516
0.29361724853515625
1.2495450973510742
1.0258903503417969
0.3745288848876953
0.7593574523925781
0.985774040222168
0.5227985382080078
0.4924001693725586
0.844757080078125
0.5004825592041016
0.31737232208251953
0.36672115325927734
0.3202390670776367
0.5075817108154297
0.9961671829223633
0.27527332305908203
0.28697967529296875
0.5594568252563477
0.7825908660888672
0.11764144897460938
0.38717079162597656
0.2061138153076172
0.2078075408935547
0.41700172424316406
0.24307823181152344
0.4754648208618164
0.3685789108276367
0.5081501007080078
0.7148637771606445
0.5922098159790039
0.21094608306884766
0.4661378860473633
0.34131622314453125
0.7886743545532227
0.5618486404418945
0.9061498641967773
0.6207942962646484
0.5094060897827148
0.4409170150756836
0.6475772857666016
0.2606487274169922
0.5712051391601562
0.817962646484375
0.3483743667602539
0.5824308395385742
0.7133731842041016
0.901179313659668
0.48054981231689453
0.5280475616455078
0.823573112487793
0.3695554733276367
0.43212127685546875
0.5383939743041992
0.7783050537109375
0.19309329986572266
0.40256214141845703
0.2666301727294922
0.553375244140625
0.23366355895996094
0.6310358047485352
0.4036445617675781
0.7665157318115234
0.7462997436523438
0.2803974151611328
0.659367561340332
0.5595283508300781
0.7883520126342773
0.564697265625
0.2667884826660156
0.3891582489013672
0.5245809555053711
0.06160545349121094
0.11206722259521484
0.5393409729003906
0.5420570373535156
0.14382076263427734
0.40105724334716797
0.7814321517944336
0.9687747955322266
0.5349740982055664
0.7364664077758789
0.17421340942382812
0.25336170196533203
0.4611930847167969
1.0669288635253906
0.7609443664550781
0.8242626190185547
0.7268409729003906
0.4921455383300781
0.9947147369384766
0.8863811492919922
0.2171335220336914
0.42861461639404297
0.7924880981445312
0.44465160369873047
0.5190706253051758
0.8372716903686523
0.8321352005004883
0.3019866943359375
1.073012351989746
0.21504497528076172
0.48867321014404297
0.5357761383056641
0.5220918655395508
0.3442716598510742
0.6321811676025391
0.6160469055175781
0.7182807922363281
1.1023006439208984
0.9916772842407227
0.46926212310791016
0.07674789428710938
1.1855173110961914
0.8658113479614258
0.11525535583496094
0.25133228302001953
0.45404529571533203
0.7164592742919922
0.8448190689086914
0.6346416473388672
0.6964387893676758
0.8335428237915039
0.9099330902099609
0.4679088592529297
0.4096393585205078
1.274338722229004
0.7440700531005859
1.0508537292480469
0.48566436767578125
0.9237003326416016
0.9437055587768555
0.8438663482666016
0.5703363418579102
0.4586200714111328
0.8482265472412109
1.032461166381836
0.45459842681884766
0.6261692047119141
0.7553701400756836
0.10396194458007812
0.24504852294921875
0.7624292373657227
0.840418815612793
1.065770149230957
1.25311279296875
0.6925439834594727
1.0208044052124023
0.7079219818115234
0.3899412155151367
0.7455310821533203
0.6433029174804688
0.27205848693847656
0.7085819244384766
1.094085693359375
0.9130287170410156
0.49910736083984375
1.1239166259765625
0.7202377319335938
1.1823797225952148
1.0754938125610352
0.19876480102539062
0.8421487808227539
1.2991247177124023
0.4959688186645508
1.1730527877807617
0.7275962829589844
0.08175945281982422
0.7762079238891602
1.0334348678588867
1.3277091979980469
0.6366910934448242
1.147831916809082
1.3544921875
0.9675636291503906
0.6984901428222656
0.11104774475097656
0.9679899215698242
0.7097158432006836
0.9145050048828125
0.43819522857666016
0.2263650894165039
1.0094757080078125
0.9508581161499023
0.5372076034545898
0.2747936248779297
1.2453088760375977
1.485219955444336
0.5138216018676758
1.1094770431518555
0.6765727996826172
1.2602901458740234
0.8479251861572266
0.5037508010864258
1.1105594635009766
0.10640335083007812
1.4532146453857422
0.845184326171875
0.17113399505615234
0.1473865509033203
1.4952669143676758
1.2716121673583984
0.4401264190673828
1.0050792694091797
1.2314958572387695
0.7685203552246094
0.7381219863891602
1.0904788970947266
0.7462043762207031
0.5630941390991211
0.30585765838623047
0.1444101333618164
0.2618598937988281
1.2418889999389648
0.04279613494873047
0.5327014923095703
0.8051786422729492
0.2968902587890625
0.7069149017333984
0.9912528991699219
1.0053110122680664
0.31459522247314453
0.3779134750366211
0.28049182891845703
0.4305276870727539
0.548365592956543
0.4400320053100586
0.2527446746826172
0.1458587646484375
0.730870246887207
0.5179100036621094
0.3694896697998047
0.4336662292480469
0.3857860565185547
0.20203876495361328
1.0113945007324219
0.3648948669433594
0.7091960906982422
0.3980741500854492
0.46047401428222656
0.21819686889648438
0.42485713958740234
0.16969776153564453
0.6566629409790039
1.0406827926635742
0.5453281402587891
0.40764427185058594
0.5164194107055664
1.1238994598388672
0.7032699584960938
0.33109378814697266
0.6266193389892578
0.3924274444580078
0.654841423034668
0.3984699249267578
0.5555849075317383
0.4158134460449219
0.3871936798095703
0.46358394622802734
0.3306550979614258
0.0817098617553711
0.8279895782470703
0.29772090911865234
0.9892358779907227
0.5235795974731445
0.47735118865966797
0.8820877075195312
0.7822484970092773
0.5656318664550781
0.3419771194458008
0.48950862884521484
0.5861120223999023
0.3018608093261719
0.17982006072998047
0.30902099609375
0.34238719940185547
0.34510326385498047
0.36654090881347656
0.6237773895263672
1.0041522979736328
1.1914949417114258
0.3122539520263672
0.9591865539550781
0.39693355560302734
0.12445640563964844
0.6839132308959961
0.22272014617919922
0.4463491439819336
0.9296350479125977
0.239410400390625
0.5448474884033203
0.9303512573242188
0.7492942810058594
0.3353729248046875
0.9601821899414062
0.5565032958984375
1.0186452865600586
0.9117593765258789
0.04266548156738281
0.6156415939331055
1.135390281677246
0.33223438262939453
1.0093183517456055
0.5638618469238281
0.24549388885498047
0.6124734878540039
0.8069276809692383
1.1639747619628906
0.4101839065551758
0.9840974807739258
1.1907577514648438
0.8038291931152344
0.4719829559326172
0.2747821807861328
0.804255485534668
0.48320865631103516
0.7507705688476562
0.3579988479614258
0.3217306137084961
0.8457412719726562
0.7243509292602539
0.3734731674194336
0.11105918884277344
1.0815744400024414
1.3214855194091797
0.35008716583251953
0.9457426071166992
0.5128383636474609
1.0965557098388672
0.6841907501220703
0.7302579879760742
0.9468250274658203
0.22333526611328125
1.289480209350586
0.6814498901367188
0.11618709564208984
0.2232341766357422
1.3315324783325195
1.1078777313232422
0.30414581298828125
0.8413448333740234
1.0677614212036133
0.6047859191894531
0.5743875503540039
0.9267444610595703
0.5824699401855469
0.39935970306396484
0.2963380813598633
0.2382516860961914
0.4255943298339844
1.0781545639038086
0.19328594207763672
0.36896705627441406
0.641444206237793
0.08198738098144531
0.5431804656982422
0.8275184631347656
0.22650718688964844
0.7659006118774414
0.38165283203125
0.4026050567626953
0.7881088256835938
0.6070518493652344
0.1931304931640625
0.8179397583007812
0.4142608642578125
0.8764028549194336
0.7695169448852539
0.11260986328125
0.5456972122192383
0.9931478500366211
0.36313533782958984
0.8670759201049805
0.4216194152832031
0.38773632049560547
0.4702310562133789
0.7369832992553711
1.0217323303222656
0.3402395248413086
0.8418550491333008
1.0485153198242188
0.6615867614746094
0.40203857421875
0.4170246124267578
0.662013053894043
0.41326427459716797
0.6085281372070312
0.5002412796020508
0.3916749954223633
0.7034988403320312
0.6544065475463867
0.2312307357788086
0.12531471252441406
0.9393320083618164
1.1792430877685547
0.22230243682861328
0.8035001754760742
0.43579673767089844
0.9543132781982422
0.5419483184814453
0.8002023696899414
0.8045825958251953
0.36557769775390625
1.147237777709961
0.5392074584960938
0.25842952728271484
0.2931785583496094
1.1892900466918945
0.9656352996826172
0.37409019470214844
0.6991024017333984
0.9255189895629883
0.4625434875488281
0.4321451187133789
0.7845020294189453
0.4402275085449219
0.28829288482666016
0.36628246307373047
0.3804941177368164
0.5678367614746094
0.9359121322631836
0.3355283737182617
0.23378562927246094
0.49920177459716797
0.06025505065917969
0.4009380340576172
0.6852760314941406
0.30597686767578125
0.6236581802368164
0.142242431640625
0.6184768676757812
0.24277687072753906
0.5512847900390625
0.3702278137207031
0.5208473205566406
0.58111572265625
0.17743682861328125
0.7865877151489258
0.5751066207885742
0.4169750213623047
1.075282096862793
0.7563238143920898
0.16644954681396484
0.6302518844604492
0.7017345428466797
0.6245603561401367
0.922266960144043
1.2665681838989258
0.7849082946777344
0.8698244094848633
0.659449577331543
0.8116912841796875
0.4247627258300781
0.9316234588623047
0.6538486480712891
0.4251890182495117
0.9428491592407227
1.07379150390625
0.737065315246582
0.3164358139038086
0.8884658813476562
1.1839914321899414
0.7299737930297852
0.4042701721191406
0.7025079727172852
0.9424190521240234
0.3072824478149414
0.566676139831543
0.1337718963623047
0.7174892425537109
0.5940818786621094
0.2706174850463867
0.5677585601806641
0.6024017333984375
0.9104137420654297
0.3023834228515625
0.4952535629272461
0.3954143524169922
0.9524660110473633
0.7288112640380859
0.15549468994140625
0.4622783660888672
0.688694953918457
0.3775520324707031
0.2483510971069336
0.8997592926025391
0.9024753570556641
0.24129199981689453
0.23694324493408203
0.6173181533813477
0.8046607971191406
0.6990880966186523
0.572352409362793
0.29579925537109375
0.6137800216674805
0.5300235748291016
0.36041831970214844
1.0037212371826172
0.5428009033203125
0.5573720932006836
0.4596405029296875
0.5295848846435547
0.9211654663085938
0.43979835510253906
0.3764801025390625
0.47390174865722656
0.7178688049316406
0.2784271240234375
0.314361572265625
0.9836091995239258
0.7721281051635742
0.6467247009277344
1.272303581237793
0.6816720962524414
0.36347103118896484
0.3686075210571289
0.8987560272216797
0.9272489547729492
1.119288444519043
1.4635896682739258
0.6649665832519531
1.0668458938598633
0.856471061706543
0.5685615539550781
0.5846958160400391
1.1286449432373047
0.9565372467041016
0.20906543731689453
1.1398706436157227
1.27081298828125
1.0397539138793945
0.6191244125366211
1.0854873657226562
1.3810129165649414
0.9269952774047852
0.6012916564941406
0.39981937408447266
0.6397304534912109
0.5043039321899414
0.3671998977661133
0.29080963134765625
0.7328338623046875
0.7911033630371094
0.3862752914428711
0.45667266845703125
0.90509033203125
0.7150783538818359
0.2770423889160156
0.7979421615600586
0.6981029510498047
0.6497774124145508
0.7421226501464844
0.4053630828857422
0.16828155517578125
0.7461442947387695
0.5745735168457031
0.4453725814819336
1.096780776977539
1.099496841430664
0.43831348419189453
0.5396318435668945
0.9200067520141602
1.1073493957519531
0.5081987380981445
0.8750410079956055
0.49282073974609375
0.8108015060424805
0.7270450592041016
0.5574398040771484
1.2007427215576172
0.845489501953125
0.7543935775756836
0.6817550659179688
0.7266063690185547
0.3026885986328125
0.5969743728637695
0.33455944061279297
0.700404167175293
0.5193471908569336
0.6126298904418945
0.7302350997924805
0.3265562057495117
0.8783702850341797
0.6818122863769531
0.5087575912475586
1.1670646667480469
0.9054431915283203
0.25823211669921875
0.7793712615966797
0.7935171127319336
0.47544097900390625
1.0140495300292969
1.3583507537841797
0.9340276718139648
0.9616069793701172
0.754150390625
0.960810661315918
0.5738821029663086
1.0234060287475586
0.5047292709350586
0.5743083953857422
1.0346317291259766
1.165574073791504
0.7631111145019531
0.2296924591064453
0.9802484512329102
1.2757740020751953
0.8217563629150391
0.49605274200439453
0.8516273498535156
1.091538429260254
0.3990650177001953
0.7157955169677734
0.28289127349853516
0.8666086196899414
0.6858644485473633
0.1788349151611328
0.7168779373168945
0.45328235626220703
1.0595331192016602
0.45150279998779297
0.4960498809814453
0.3281888961791992
1.1015853881835938
0.8779306411743164
0.24727725982666016
0.6113977432250977
0.8378143310546875
0.46933460235595703
0.3444404602050781
0.991541862487793
0.994257926940918
0.33307456970214844
0.2550849914550781
0.4693260192871094
0.6555414199829102
0.8482074737548828
0.4232330322265625
0.38758182525634766
0.7055625915527344
0.6218061447143555
0.45220088958740234
1.095503807067871
0.39368152618408203
0.6491546630859375
0.5514230728149414
0.6213674545288086
0.14911937713623047
0.45180797576904297
0.24936866760253906
0.6228504180908203
1.0083541870117188
0.8272972106933594
0.4133758544921875
1.0381851196289062
0.6345062255859375
1.0966482162475586
0.9897623062133789
0.16115188598632812
0.8194589614868164
1.213393211364746
0.41023731231689453
1.0873212814331055
0.6418647766113281
0.16749095916748047
0.6904764175415039
1.0107450485229492
1.2419776916503906
0.6140012741088867
1.0621004104614258
1.2687606811523438
0.8818321228027344
0.6758003234863281
0.1967792510986328
0.882258415222168
0.6870260238647461
0.8287734985351562
0.41550540924072266
0.14063358306884766
0.9237442016601562
0.9281682968139648
0.4741506576538086
0.18906211853027344
1.1595773696899414
1.3994884490966797
0.42809009552001953
1.0237455368041992
0.5908412933349609
1.1745586395263672
0.7621936798095703
0.5264406204223633
1.0248279571533203
0.14533233642578125
1.367483139038086
0.7594528198242188
0.14844417572021484
0.06165504455566406
1.4095354080200195
1.1858806610107422
0.35439491271972656
0.9193477630615234
1.1457643508911133
0.6827888488769531
0.6523904800415039
1.0047473907470703
0.6604728698730469
0.47736263275146484
0.22012615203857422
0.1602487564086914
0.3475914001464844
1.1561574935913086
0.11528301239013672
0.44696998596191406
0.719447135925293
0.274200439453125
0.6211833953857422
0.9055213928222656
0.08573150634765625
0.8439035415649414
0.20381736755371094
0.2737617492675781
0.45706939697265625
0.7597579956054688
0.34760570526123047
0.4422636032104492
0.3419942855834961
0.7274980545043945
0.5464410781860352
0.13251972198486328
0.757328987121582
0.38955211639404297
0.8157920837402344
0.7089061737060547
0.16782283782958984
0.568389892578125
0.9325370788574219
0.3404426574707031
0.8064651489257812
0.3610086441040039
0.4483470916748047
0.415374755859375
0.7596759796142578
0.9611215591430664
0.3629322052001953
0.7812442779541016
0.9879045486450195
0.6009759902954102
0.4247312545776367
0.47763538360595703
0.6014022827148438
0.4359569549560547
0.566899299621582
0.56085205078125
0.36898231506347656
0.642888069152832
0.6770992279052734
0.2230815887451172
0.10262203216552734
0.8787212371826172
1.1186323165893555
0.19960975646972656
0.742889404296875
0.4131040573120117
0.893702507019043
0.4813375473022461
0.7775096893310547
0.7439718246459961
0.42618846893310547
1.0866270065307617
0.47859668731689453
0.31904029846191406
0.27048587799072266
1.1286792755126953
0.905024528503418
0.3513975143432617
0.6384916305541992
0.8649082183837891
0.4019327163696289
0.3715343475341797
0.7238912582397461
0.3955831527709961
0.26560020446777344
0.34358978271484375
0.4411048889160156
0.6284475326538086
0.8753013610839844
0.39613914489746094
0.21109294891357422
0.43859100341796875
0.1208658218383789
0.34032726287841797
0.6246652603149414
0.36658763885498047
0.5630474090576172
0.20285320281982422
0.06061077117919922
0.506892204284668
0.703913688659668
0.5986747741699219
0.2808561325073242
0.7465744018554688
0.4841594696044922
0.6978473663330078
0.5182628631591797
0.7622299194335938
0.7276782989501953
0.3587226867675781
1.027970314025879
0.8164892196655273
0.6583576202392578
1.316664695739746
0.9028863906860352
0.40783214569091797
0.7768144607543945
0.9431171417236328
0.48921680450439453
1.163649559020996
1.507950782775879
0.9314708709716797
1.1112070083618164
0.9008321762084961
0.9582538604736328
0.6290569305419922
1.1730060577392578
0.5313739776611328
0.571751594543457
1.1842317581176758
1.3151741027832031
0.9127111434936523
0.37929248809814453
1.1298484802246094
1.4253740310668945
0.9713563919067383
0.6456527709960938
0.8490705490112305
1.0889816284179688
0.5486650466918945
0.7132387161254883
0.3351707458496094
0.8640518188476562
0.8354644775390625
0.06297588348388672
0.7143211364746094
0.5809192657470703
1.056976318359375
0.4489459991455078
0.6456499099731445
0.47778892517089844
1.0990285873413086
0.8753738403320312
0.3968772888183594
0.6088409423828125
0.8352575302124023
0.6189346313476562
0.4897336959838867
1.1411418914794922
1.1438579559326172
0.48267459869384766
0.40468502044677734
0.6189260482788086
0.7016830444335938
0.8456506729125977
0.5173120498657227
0.5371818542480469
0.8551626205444336
0.7714061737060547
0.6018009185791016
1.2451038360595703
0.4745159149169922
0.7987546920776367
0.7010231018066406
0.7709674835205078
0.24138259887695312
0.4492511749267578
0.14960002899169922
0.4972057342529297
0.7482748031616211
0.5524120330810547
0.2899971008300781
0.6425399780273438
0.4614830017089844
0.5680675506591797
0.6723709106445312
0.2686920166015625
0.8338079452514648
0.6239480972290039
0.46419525146484375
1.122502326965332
0.8475790023803711
0.2136697769165039
0.7215070724487305
0.7489547729492188
0.5333051681518555
0.969487190246582
1.3137884140014648
0.8761634826660156
0.9170446395874023
0.706669807434082
0.9029464721679688
0.5160179138183594
0.9788436889648438
0.5625934600830078
0.516444206237793
0.9900693893432617
1.121011734008789
0.7185487747192383
0.22518062591552734
0.9356861114501953
1.2312116622924805
0.7771940231323242
0.4514904022216797
0.7937631607055664
1.0336742401123047
0.35450267791748047
0.6579313278198242
0.22502708435058594
0.8087444305419922
0.6413021087646484
0.22339725494384766
0.6590137481689453
0.5111465454101562
1.001668930053711
0.39363861083984375
0.45148754119873047
0.30415916442871094
1.0437211990356445
0.8200664520263672
0.2027149200439453
0.5535335540771484
0.7799501419067383
0.4247722625732422
0.29557132720947266
0.9469795227050781
0.9496955871582031
0.2885122299194336
0.21052265167236328
0.5260629653930664
0.7134056091308594
0.7903432846069336
0.4810972213745117
0.3430194854736328
0.6610002517700195
0.5772438049316406
0.4076385498046875
1.0509414672851562
0.45154571533203125
0.6045923233032227
0.5068607330322266
0.5768051147460938
0.09125518798828125
0.39394378662109375
0.05786418914794922
0.365814208984375
0.554112434387207
0.19416236877441406
0.5562868118286133
0.7915315628051758
0.8548498153686523
0.7574281692504883
0.5134611129760742
1.0253019332885742
0.9169683456420898
0.7017688751220703
0.5948829650878906
0.6173334121704102
0.06599044799804688
0.8185138702392578
0.86785888671875
0.8627223968505859
0.33257389068603516
0.7864742279052734
0.2955970764160156
0.23225975036621094
0.8470983505249023
0.16448402404785156
0.6672210693359375
0.8738813400268555
0.6466341018676758
0.20763874053955078
0.7443170547485352
1.0222644805908203
0.09145927429199219
0.43389415740966797
0.6748752593994141
0.8963985443115234
0.528864860534668
0.2593097686767578
0.3043346405029297
0.6300382614135742
0.8754062652587891
1.0046091079711914
0.7270259857177734
0.8641300201416016
0.9405202865600586
0.7796792984008789
0.44022655487060547
1.3049259185791016
0.7746572494506836
0.6947717666625977
0.9726037979125977
0.9542875289916992
0.6300411224365234
0.7979021072387695
1.0146560668945312
0.7910013198852539
0.8788137435913086
1.0630483627319336
0.750885009765625
0.6567564010620117
0.7859573364257812
0.609868049621582
0.2655935287475586
0.7930164337158203
0.8710060119628906
0.6567649841308594
0.7424707412719727
0.7612781524658203
0.7583789825439453
0.7385091781616211
0.4205284118652344
0.5042848587036133
0.6738901138305664
0.5106420516967773
0.8011751174926758
0.47693634033203125
0.5746679306030273
0.5047235488891602
1.0343084335327148
1.2313299179077148
1.1260910034179688
0.7784852981567383
0.5274162292480469
1.275691032409668
1.081528663635254
0.2341461181640625
0.5501117706298828
0.9356155395507812
0.7545585632324219
0.34063720703125
0.9654464721679688
0.561767578125
1.023909568786621
0.9170236587524414
0.10465049743652344
0.5536565780639648
1.1406545639038086
0.3551759719848633
1.014582633972168
0.5691261291503906
0.2737913131713867
0.6177377700805664
0.7449426651000977
1.1692390441894531
0.34819889068603516
0.9893617630004883
1.1960220336914062
0.8090934753417969
0.40999794006347656
0.2695178985595703
0.8095197677612305
0.42122364044189453
0.7560348510742188
0.3527345657348633
0.3837156295776367
0.8510055541992188
0.6623659133911133
0.3787374496459961
0.1173553466796875
1.086838722229004
1.3267498016357422
0.35535144805908203
0.9510068893432617
0.5181026458740234
1.1018199920654297
0.6894550323486328
0.7922430038452148
0.9520893096923828
0.21807098388671875
1.2947444915771484
0.6867141723632812
0.11735820770263672
0.2852191925048828
1.336796760559082
1.1131420135498047
0.3661308288574219
0.8466091156005859
1.0730257034301758
0.6100502014160156
0.5796518325805664
0.9320087432861328
0.5877342224121094
0.40462398529052734
0.3583230972290039
0.2329874038696289
0.4203300476074219
1.083418846130371
0.2456960678100586
0.37423133850097656
0.6467084884643555
0.08725166320800781
0.5484447479248047
0.8327827453613281
0.28849220275878906
0.7711648941040039
0.061985015869140625
0.1475067138671875
0.5216255187988281
0.7186470031738281
0.613408088684082
0.26580238342285156
0.20811748504638672
0.7630081176757812
0.5688457489013672
0.5126829147338867
0.9333076477050781
0.27413177490234375
0.3374500274658203
0.24002838134765625
0.3585243225097656
0.5079021453857422
0.3995685577392578
0.32474803924560547
0.21786212921142578
0.6588668823242188
0.5583734512329102
0.44149303436279297
0.3616628646850586
0.3453226089477539
0.18482589721679688
0.9393911361694336
0.40535831451416016
0.749659538269043
0.4700775146484375
0.3884706497192383
0.29020023345947266
0.4968605041503906
0.12923431396484375
0.5846595764160156
0.9686794281005859
0.5048646926879883
0.42594051361083984
0.5568828582763672
1.051896095275879
0.6312665939331055
0.37155723571777344
0.6670827865600586
0.32042407989501953
0.5828380584716797
0.3876771926879883
0.6275882720947266
0.3438100814819336
0.34673023223876953
0.42312049865722656
0.40265846252441406
0.07717323303222656
0.7875261306762695
0.25725746154785156
0.9172325134277344
0.5955829620361328
0.4368877410888672
0.810084342956543
0.7102451324462891
0.6376352310180664
0.41398048400878906
0.41750526428222656
0.5456485748291016
0.37386417388916016
0.1393566131591797
0.2685575485229492
0.38285064697265625
0.38556671142578125
0.2945375442504883
0.5517740249633789
0.9321489334106445
1.1194915771484375
0.38425731658935547
0.8871831893920898
0.32493019104003906
0.09687137603759766
0.6119098663330078
0.15649032592773438
0.4868125915527344
0.8576316833496094
0.07200336456298828
0.6938972473144531
0.5516548156738281
0.5169086456298828
0.7139301300048828
0.6086912155151367
0.7719001770019531
0.4910440444946289
0.7582912445068359
0.5641288757324219
0.517399787902832
0.6991615295410156
0.5767087936401367
0.2452859878540039
0.593052864074707
0.41199588775634766
0.032784461975097656
0.6228837966918945
0.37072277069091797
0.6813468933105469
0.5744609832763672
0.30226802825927734
0.58721923828125
0.7980918884277344
0.3216133117675781
0.6720199584960938
0.2265634536743164
0.5827922821044922
0.4342041015625
0.7785053253173828
0.8266763687133789
0.3817615509033203
0.6467990875244141
0.853459358215332
0.46653079986572266
0.4435606002807617
0.6120805740356445
0.47601890563964844
0.4547863006591797
0.585728645324707
0.6952972412109375
0.35015296936035156
0.5084428787231445
0.6959285736083984
0.2419109344482422
0.22623920440673828
0.7442760467529297
0.984187126159668
0.18078041076660156
0.6084442138671875
0.3942747116088867
0.7592573165893555
0.3468923568725586
0.7586803436279297
0.6095266342163086
0.560633659362793
0.9521818161010742
0.40804195404052734
0.45348548889160156
0.35364627838134766
0.9942340850830078
0.7705793380737305
0.3325681686401367
0.5168027877807617
0.7304630279541016
0.2674875259399414
0.23971176147460938
0.5894460678100586
0.4144124984741211
0.24677085876464844
0.32476043701171875
0.5755500793457031
0.7628927230834961
0.7408561706542969
0.5305843353271484
0.19226360321044922
0.30414581298828125
0.2553110122680664
0.20588207244873047
0.5156583786010742
0.501032829284668
0.4286022186279297
0.3372983932495117
0.19505596160888672
0.48806285858154297
0.685084342956543
0.5798454284667969
0.4153013229370117
0.1344451904296875
0.7294454574584961
0.535283088684082
0.5462455749511719
0.3425626754760742
0.3565988540649414
0.6808099746704102
0.14794254302978516
0.4889516830444336
0.3078947067260742
0.1301279067993164
0.5187826156616211
0.2733793258666992
0.5772457122802734
0.47035980224609375
0.4063692092895508
0.6845626831054688
0.6939907073974609
0.22426986694335938
0.5679187774658203
0.31101512908935547
0.6868934631347656
0.5315475463867188
0.8758487701416016
0.7225751876831055
0.47910499572753906
0.5426979064941406
0.7493581771850586
0.3624296188354492
0.5409040451049805
0.716181755065918
0.3786754608154297
0.5521297454833984
0.6830720901489258
0.7993984222412109
0.3787689208984375
0.49774646759033203
0.7932720184326172
0.33925437927246094
0.3303403854370117
0.6401748657226562
0.8800859451293945
0.09131240844726562
0.5043430328369141
0.29693126678466797
0.655156135559082
0.24279117584228516
0.6613368988037109
0.5054254531860352
0.6647348403930664
0.8480806350708008
0.3106985092163086
0.557586669921875
0.4577474594116211
0.8901329040527344
0.666478157043457
0.23522472381591797
0.41945934295654297
0.6263618469238281
0.16338634490966797
0.14236831665039062
0.5090398788452148
0.5117559432983398
0.1494274139404297
0.29927635192871094
0.6796512603759766
0.8669939041137695
0.6367549896240234
0.6346855163574219
0.09492015838623047
0.22306060791015625
0.35941219329833984
0.10178089141845703
0.613001823425293
0.6051340103149414
0.32450103759765625
0.44139957427978516
0.29915714263916016
0.3907194137573242
0.5877408981323242
0.4825019836425781
0.5194025039672852
0.23854637145996094
0.6321020126342773
0.4379396438598633
0.6435890197753906
0.44666385650634766
0.25249767303466797
0.10410118103027344
0.8514680862426758
0.7150678634643555
0.778386116027832
0.680964469909668
0.4369974136352539
0.9488382339477539
0.8405046463012695
0.4065876007080078
0.3827381134033203
0.5770273208618164
0.22919082641601562
0.5233325958251953
0.7913951873779297
0.7862586975097656
0.25611019134521484
0.8575515747070312
0.03557777404785156
0.30872344970703125
0.5519170761108398
0.30663108825683594
0.372039794921875
0.5863046646118164
0.5701704025268555
0.5028200149536133
0.8868398666381836
0.94580078125
0.2538013458251953
0.13871288299560547
0.9700565338134766
0.8199348449707031
0.23368358612060547
0.22614669799804688
0.2385845184326172
0.5535745620727539
0.7989425659179688
0.7094278335571289
0.6505622863769531
0.7876663208007812
0.8640565872192383
0.4844980239868164
0.36376285552978516
1.2284622192382812
0.6981935501098633
0.835392951965332
0.6774225234985352
0.8778238296508789
0.7282447814941406
0.7214384078979492
0.7194747924804688
0.4958200454711914
0.8023500442504883
0.9865846633911133
0.4557037353515625
0.5802927017211914
0.7094936370849609
0.31468677520751953
0.05536937713623047
0.716552734375
0.7945423126220703
0.8503093719482422
1.0376520156860352
0.64666748046875
0.8053436279296875
0.6620454788208008
0.34406471252441406
0.5300703048706055
0.5974264144897461
0.21546077728271484
0.775792121887207
0.40047264099121094
0.6120576858520508
0.4698152542114258
0.9578447341918945
1.1548662185668945
1.0496273040771484
0.702021598815918
0.45095252990722656
1.1992273330688477
1.0050649642944336
0.2951812744140625
0.6173219680786133
0.4409360885620117
0.46978187561035156
0.5671253204345703
0.8578462600708008
0.9101285934448242
0.9734468460083008
0.8760251998901367
0.6320581436157227
1.1438989639282227
1.0355653762817383
0.4002094268798828
0.5777988433837891
0.7359304428100586
0.23556900024414062
0.6682548522949219
0.9864559173583984
0.9813194274902344
0.4511709213256836
0.9050712585449219
0.2306385040283203
0.2795906066894531
0.6849603652954102
0.31300926208496094
0.4934558868408203
0.7813653945922852
0.7652311325073242
0.5091981887817383
0.8932180404663086
1.1408615112304688
0.2601795196533203
0.13233470916748047
0.9764347076416016
1.0149955749511719
0.26443958282470703
0.04224967956542969
0.4229316711425781
0.7486352920532227
0.9940032958984375
0.7838258743286133
0.8456230163574219
0.98272705078125
1.059117317199707
0.6170930862426758
0.5588235855102539
1.42352294921875
0.893254280090332
0.841771125793457
0.6710443496704102
1.0728845596313477
0.7486381530761719
0.916499137878418
0.7195205688476562
0.6078042984008789
0.997410774230957
1.181645393371582
0.6037826538085938
0.7753534317016602
0.9045543670654297
0.30830860137939453
0.2504301071166992
0.9116134643554688
0.9896030426025391
0.8566875457763672
1.0440301895141602
0.8417282104492188
0.8769760131835938
0.8571062088012695
0.5391254425048828
0.6228818893432617
0.7924871444702148
0.20908260345458984
0.9197721481323242
0.5955333709716797
0.6932649612426758
0.6233205795288086
1.1529054641723633
1.3499269485473633
1.2446880340576172
0.8970823287963867
0.6460132598876953
1.3942880630493164
1.2001256942749023
0.3015594482421875
0.6312799453735352
0.6359968185424805
0.6648426055908203
0.7621860504150391
0.19506072998046875
0.5851736068725586
0.3469228744506836
0.5845880508422852
0.4035310745239258
0.06885242462158203
0.6144189834594727
0.47235965728759766
0.672882080078125
0.5659961700439453
0.3107328414916992
0.4855823516845703
0.7896270751953125
0.4232501983642578
0.6635551452636719
0.21809864044189453
0.5912570953369141
0.3325672149658203
0.6768684387207031
0.818211555480957
0.2801246643066406
0.6383342742919922
0.8449945449829102
0.4580659866333008
0.34192371368408203
0.6205453872680664
0.5776557922363281
0.3531494140625
0.48409175872802734
0.7037620544433594
0.45178985595703125
0.49997806549072266
0.5942916870117188
0.1402740478515625
0.23470401763916016
0.7358112335205078
0.9757223129272461
0.28241729736328125
0.5999794006347656
0.4959115982055664
0.7507925033569336
0.3384275436401367
0.8603172302246094
0.6010618209838867
0.5690984725952148
0.9437170028686523
0.509678840637207
0.46195030212402344
0.36211109161376953
0.9857692718505859
0.7621145248413086
0.4342050552368164
0.6184396743774414
0.7219982147216797
0.25902271270751953
0.34134864807128906
0.5809812545776367
0.3127756118774414
0.3484077453613281
0.42639732360839844
0.584014892578125
0.771357536315918
0.732391357421875
0.5390491485595703
0.2939004898071289
0.2956809997558594
0.2637758255004883
0.22928142547607422
0.48175525665283203
0.5094976425170898
0.4201374053955078
0.3457632064819336
0.2035207748413086
0.5896997451782227
0.7867212295532227
0.6814823150634766
0.4237661361694336
0.14291000366210938
0.8310823440551758
0.6369199752807617
0.4446086883544922
0.3510274887084961
0.34813404083251953
0.10163688659667969
0.19898033142089844
0.3681449890136719
0.5632057189941406
0.5479860305786133
0.47844600677490234
0.8639497756958008
0.6828927993774414
0.5636415481567383
0.8937807083129883
0.49010181427001953
0.9522438049316406
0.8453578948974609
0.45976924896240234
1.1180763244628906
1.0689888000488281
0.26583290100097656
0.9429168701171875
0.7445287704467773
0.31189537048339844
0.9650611877441406
1.3093624114990234
1.0975732803344727
0.9126186370849609
0.9176959991455078
1.1243562698364258
0.7374277114868164
0.9744176864624023
0.3411836624145508
0.73785400390625
0.9856433868408203
1.1165857315063477
0.7141227722167969
0.18070411682128906
0.9312601089477539
1.226785659790039
0.7727680206298828
0.4470643997192383
1.0151729583740234
1.2550840377807617
0.35007667541503906
0.8793411254882812
0.44643688201904297
1.0301542282104492
0.636876106262207
0.2290782928466797
0.8804235458374023
0.38233089447021484
1.223078727722168
0.6150484085083008
0.44706153869628906
0.27920055389404297
1.2651309967041016
1.0414762496948242
0.2099905014038086
0.7749433517456055
1.0013599395751953
0.5383844375610352
0.5079860687255859
0.9425535202026367
0.9452695846557617
0.3329582214355469
0.20609664916992188
0.4203376770019531
0.5030946731567383
1.0117530822753906
0.3187236785888672
0.3385934829711914
0.6565742492675781
0.5728178024291992
0.4767789840698242
1.0465154647827148
0.2759275436401367
0.6994991302490234
0.5024347305297852
0.5723791122436523
0.3126649856567383
0.6153535842895508
0.1635456085205078
0.2986173629760742
0.5496864318847656
0.19858837127685547
0.22140979766845703
1.0771026611328125
0.5644197463989258
0.6274957656860352
0.5308570861816406
0.4335136413574219
1.0006389617919922
1.195699691772461
0.6324939727783203
0.4624776840209961
0.39710330963134766
0.7072839736938477
0.5262269973754883
0.1190328598022461
0.7371149063110352
0.5225400924682617
0.7955780029296875
0.6886920928955078
0.22290515899658203
0.43540191650390625
0.912322998046875
0.4734306335449219
0.7862510681152344
0.34079456329345703
0.46856117248535156
0.3894062042236328
0.6266880035400391
0.9409074783325195
0.22994422912597656
0.7610301971435547
0.9676904678344727
0.5807619094848633
0.29174327850341797
0.4978494644165039
0.6278362274169922
0.30296897888183594
0.5277032852172852
0.5810661315917969
0.5019702911376953
0.6226739883422852
0.5441112518310547
0.1504058837890625
0.2356100082397461
0.8585071563720703
1.0984182357788086
0.3325977325439453
0.7226753234863281
0.5460920333862305
0.8734884262084961
0.4611234664916992
0.9104976654052734
0.7237577438354492
0.44640254974365234
1.0664129257202148
0.5598592758178711
0.33925437927246094
0.4034738540649414
1.1084651947021484
0.8848104476928711
0.48438549041748047
0.6686201095581055
0.8446941375732422
0.38171863555908203
0.3915290832519531
0.7036771774291992
0.3594026565551758
0.3985881805419922
0.4765777587890625
0.4613189697265625
0.6486616134643555
0.8550872802734375
0.4163532257080078
0.34408092498779297
0.4183769226074219
0.14107990264892578
0.3201131820678711
0.6044511795043945
0.40674686431884766
0.5428333282470703
0.2230672836303711
0.11029529571533203
0.6398801803588867
0.8369016647338867
0.7316627502441406
0.38405704498291016
0.13298797607421875
0.8812627792358398
0.6871004104614258
0.3944282531738281
0.2283315658569336
0.47082996368408203
0.15181732177734375
0.2491607666015625
0.3889904022216797
0.5130252838134766
0.1226959228515625
0.6826744079589844
0.6293344497680664
0.3734598159790039
0.7589635848999023
0.577906608581543
0.6449899673461914
0.7887945175170898
0.3851156234741211
0.9107303619384766
0.7403717041015625
0.5411176681518555
1.1994247436523438
0.9640026092529297
0.2905921936035156
0.8379306793212891
0.8258771896362305
0.4168815612792969
1.0464096069335938
1.3907108306884766
0.9925870895385742
0.9939670562744141
0.8127098083496094
1.0193700790405273
0.632441520690918
1.0557661056518555
0.4461698532104492
0.6328678131103516
1.0669918060302734
1.1979341506958008
0.79547119140625
0.2620525360107422
1.012608528137207
1.3081340789794922
0.8541164398193359
0.5284128189086914
0.910186767578125
1.1500978469848633
0.4314250946044922
0.7743549346923828
0.34145069122314453
0.9251680374145508
0.7182245254516602
0.14647483825683594
0.7754373550415039
0.46367931365966797
1.1180925369262695
0.5100622177124023
0.5284099578857422
0.3605489730834961
1.1601448059082031
0.9364900588989258
0.27963733673095703
0.669957160949707
0.8963737487792969
0.5016946792602539
0.4029998779296875
1.0239019393920898
1.0266180038452148
0.3654346466064453
0.287445068359375
0.5016860961914062
0.5969820022583008
0.9067668914794922
0.4000720977783203
0.41994190216064453
0.7379226684570312
0.6541662216186523
0.4845609664916992
1.127863883972168
0.35727596282958984
0.6815147399902344
0.5837831497192383
0.6537275314331055
0.20767879486083984
0.5103673934936523
0.058559417724609375
0.37996578216552734
0.6310348510742188
0.11723995208740234
0.1164236068725586
1.1584510803222656
0.6457681655883789
0.6410512924194336
0.6122055053710938
0.514862060546875
1.0819873809814453
1.277048110961914
0.7138423919677734
0.10498619079589844
0.7640228271484375
0.40256595611572266
0.38169193267822266
0.7671957015991211
0.5861387252807617
0.17221736907958984
0.7970266342163086
0.39334774017333984
0.8554897308349609
0.7486038208007812
0.12812519073486328
0.6518135070800781
0.9722347259521484
0.25701904296875
0.8461627960205078
0.40070629119873047
0.4086494445800781
0.4987983703613281
0.8430995941162109
1.000819206237793
0.44635581970214844
0.8209419250488281
1.027602195739746
0.6406736373901367
0.5081548690795898
0.43793773651123047
0.6410999298095703
0.5193805694580078
0.6503229141235352
0.5211544036865234
0.28555870056152344
0.6825857162475586
0.7605228424072266
0.3065052032470703
0.05209636688232422
0.9184188842773438
1.158329963684082
0.18693161010742188
0.7825870513916016
0.3496828079223633
0.9334001541137695
0.5210351943969727
0.6940860748291016
0.7836694717407227
0.3864908218383789
1.1263246536254883
0.5182943344116211
0.2793426513671875
0.18706226348876953
1.1683769226074219
0.9447221755981445
0.2679738998413086
0.6781892776489258
0.9046058654785156
0.44163036346435547
0.41123199462890625
0.7635889053344727
0.4790067672729492
0.2362041473388672
0.2601661682128906
0.40140724182128906
0.588749885559082
0.9149990081787109
0.3564414978027344
0.2058115005493164
0.4782886505126953
0.10655498504638672
0.38002490997314453
0.664362907409668
0.3268899917602539
0.6027450561523438
0.16315555572509766
0.10611629486083984
0.42346858978271484
0.6204900741577148
0.5152511596679688
0.24115848541259766
0.08342361450195312
0.664851188659668
0.4706888198852539
0.61083984375
0.16841983795166016
0.5307416915893555
0.17414283752441406
0.2782440185546875
0.5343761444091797
0.7294368743896484
0.18260765075683594
0.4662628173828125
0.21641159057617188
0.5476112365722656
0.2550992965698242
0.6694059371948242
1.0549097061157227
0.8738527297973633
0.4599313735961914
1.0847406387329102
0.6810617446899414
1.1432037353515625
1.0363178253173828
0.16688251495361328
0.8251895904541016
1.25994873046875
0.45679283142089844
1.1338768005371094
0.688420295715332
0.12093544006347656
0.7370319366455078
1.0164756774902344
1.2885332107543945
0.6197319030761719
1.1086559295654297
1.3153162002563477
0.9283876419067383
0.6815309524536133
0.1502237319946289
0.9288139343261719
0.6927566528320312
0.8753290176391602
0.4212360382080078
0.18718910217285156
0.9702997207641602
0.93389892578125
0.4980316162109375
0.23561763763427734
1.2061328887939453
1.4460439682006836
0.47464561462402344
1.0703010559082031
0.6373968124389648
1.221114158630371
0.8087491989135742
0.5207099914550781
1.0713834762573242
0.09877681732177734
1.4140386581420898
0.8060083389282227
0.1541748046875
0.10821056365966797
1.4560909271240234
1.232436180114746
0.40095043182373047
0.9659032821655273
1.1923198699951172
0.729344367980957
0.6989459991455078
1.0513029098510742
0.7070283889770508
0.5239181518554688
0.2666816711425781
0.12745094299316406
0.30103588104248047
1.2027130126953125
0.06872749328613281
0.49352550506591797
0.7660026550292969
0.27993106842041016
0.6677389144897461
0.9520769119262695
0.039175987243652344
0.8904590606689453
0.2095479965209961
0.2794923782348633
0.5036249160766602
0.8063135147094727
0.3545055389404297
0.046555519104003906
0.3274116516113281
0.49147510528564453
0.4123697280883789
0.7842159271240234
0.2715330123901367
0.818455696105957
0.4618568420410156
0.5659580230712891
0.7366161346435547
0.9028129577636719
0.4703216552734375
0.29288673400878906
0.3897876739501953
0.3742351531982422
0.28771400451660156
0.8322763442993164
0.5698614120483398
0.5065431594848633
0.6039648056030273
0.8479318618774414
0.4412088394165039
0.4444246292114258
1.1136722564697266
0.902191162109375
0.7440595626831055
1.4023666381835938
0.8117351531982422
0.4935340881347656
0.4986705780029297
1.0288190841674805
0.7644672393798828
1.2493515014648438
1.5936527252197266
0.7950296401977539
1.196908950805664
0.9865341186523438
0.6986246109008789
0.7147588729858398
1.2587080001831055
0.7937555313110352
0.3391284942626953
1.2699337005615234
1.4008760452270508
0.9984130859375
0.4649944305419922
1.215550422668457
1.5110759735107422
1.057058334350586
0.7313547134399414
0.5626010894775391
0.8025121688842773
0.6343669891357422
0.49726295471191406
0.42087268829345703
0.8628969192504883
0.9211664199829102
0.2234935760498047
0.586735725402832
0.7423086166381836
0.8451414108276367
0.4071054458618164
0.7313518524169922
0.5634908676147461
0.8125591278076172
0.8721857070922852
0.48257923126220703
0.3223714828491211
0.8762073516845703
0.7046365737915039
0.5754356384277344
1.2268438339233398
1.2295598983764648
0.5683765411376953
0.490386962890625
0.7572250366210938
0.9445676803588867
0.6382617950439453
0.7122592926025391
0.6228837966918945
0.9408645629882812
0.8571081161499023
0.6875028610229492
1.330805778503418
0.6827077865600586
0.8844566345214844
0.7867250442504883
0.8566694259643555
0.3270845413208008
0.1627817153930664
0.28902626037597656
0.5969762802124023
0.8339767456054688
0.2864694595336914
0.2798643112182617
1.3613929748535156
0.8487100601196289
0.8439931869506836
0.8151473999023438
0.717803955078125
1.2849292755126953
1.479990005493164
0.9167842864990234
0.4525718688964844
0.9669647216796875
0.34758567810058594
0.7505531311035156
0.6435317993164062
0.35366058349609375
0.43059730529785156
0.81610107421875
0.6350440979003906
0.22112274169921875
0.8459320068359375
0.44225311279296875
0.9043951034545898
0.7975091934204102
0.07921981811523438
0.7152910232543945
1.0211400985717773
0.21798419952392578
0.8950681686401367
0.4496116638183594
0.3597440719604492
0.5622758865356445
0.9065771102905273
1.0497245788574219
0.5098333358764648
0.869847297668457
1.076507568359375
0.6895790100097656
0.5716323852539062
0.38903236389160156
0.6900053024291992
0.5828580856323242
0.7138004302978516
0.47224903106689453
0.22208118438720703
0.7314910888671875
0.824000358581543
0.3699827194213867
0.04427909851074219
0.9673242568969727
1.207235336303711
0.23583698272705078
0.8314924240112305
0.3985881805419922
0.9823055267333984
0.5699405670166016
0.6306085586547852
0.8325748443603516
0.33758544921875
1.1752300262451172
0.56719970703125
0.2304372787475586
0.1305980682373047
1.2172822952270508
0.9936275482177734
0.2044963836669922
0.7270946502685547
0.9535112380981445
0.4905357360839844
0.46013736724853516
0.8124942779541016
0.5424842834472656
0.2851095199584961
0.19668865203857422
0.35250186920166016
0.5398445129394531
0.9639043807983398
0.30753612518310547
0.2547168731689453
0.5271940231323242
0.17003250122070312
0.42893028259277344
0.7132682800292969
0.277984619140625
0.6516504287719727
0.11425018310546875
0.16959381103515625
0.35999107360839844
0.5675048828125
0.45177364349365234
0.19225311279296875
0.14690113067626953
0.6013736724853516
0.4072113037109375
0.6743173599243164
0.1616344451904297
0.5796470642089844
0.22304821014404297
0.3271493911743164
0.5978536605834961
0.7929143905639648
0.23151302337646484
0.4027853012084961
0.2798891067504883
0.4841337203979492
0.0634775161743164
0.23880863189697266
0.6870756149291992
0.6225662231445312
0.4329357147216797
0.5471954345703125
0.3988323211669922
0.15486526489257812
0.6667060852050781
0.5583724975585938
0.6354894638061523
0.5286035537719727
0.3481254577636719
0.3995695114135742
0.7522344589233398
0.5092630386352539
0.6261625289916992
0.18070602416992188
0.6286497116088867
0.24655437469482422
0.590855598449707
0.7808189392089844
0.19411182403564453
0.6009416580200195
0.8076019287109375
0.4206733703613281
0.27391815185546875
0.6579380035400391
0.6636686325073242
0.2671365737915039
0.39807891845703125
0.741154670715332
0.5378026962280273
0.46258544921875
0.5082788467407227
0.054261207580566406
0.2720966339111328
0.6984186172485352
0.9383296966552734
0.36843013763427734
0.562586784362793
0.5819244384765625
0.7133998870849609
0.30103492736816406
0.9463300704956055
0.5636692047119141
0.6064910888671875
0.9063243865966797
0.5956916809082031
0.4993429183959961
0.43930625915527344
0.9483766555786133
0.7247219085693359
0.5202178955078125
0.7044525146484375
0.684605598449707
0.2981605529785156
0.42736148834228516
0.5435886383056641
0.2267627716064453
0.4344205856323242
0.5124101638793945
0.6214075088500977
0.8087501525878906
0.6949987411499023
0.576441764831543
0.379913330078125
0.2582883834838867
0.30116844177246094
0.3152942657470703
0.4443626403808594
0.5468902587890625
0.38274478912353516
0.38315582275390625
0.24091339111328125
0.6757125854492188
0.8727340698242188
0.7674951553344727
0.46115875244140625
0.18030261993408203
0.9170951843261719
0.7229328155517578
0.3585958480834961
0.38842010498046875
0.3107414245605469
0.18764972686767578
0.28499317169189453
0.2821321487426758
0.47719287872314453
0.0860128402709961
0.7185068130493164
0.16008853912353516
0.7998552322387695
0.2522439956665039
0.5077142715454102
1.0027971267700195
0.3157215118408203
0.876739501953125
0.22863197326660156
0.29302215576171875
0.26273536682128906
0.5067024230957031
0.32285308837890625
0.1031951904296875
0.7724428176879883
0.5609617233276367
0.6022987365722656
1.0611371994018555
0.4980611801147461
0.30509471893310547
0.37198925018310547
0.6875896453857422
0.8828229904174805
0.9081220626831055
1.2524232864379883
0.5266456604003906
0.8556795120239258
0.6453046798706055
0.5534286499023438
0.37352943420410156
0.9174785614013672
0.9121112823486328
0.16692638397216797
0.9287042617797852
1.0596466064453125
0.9953279495239258
0.5746984481811523
0.8743209838867188
1.169846534729004
0.7158288955688477
0.5262699127197266
0.4442453384399414
0.6841564178466797
0.2931375503540039
0.3084135055541992
0.12449073791503906
0.52166748046875
0.5799369812011719
0.34184932708740234
0.3094959259033203
0.8606643676757812
0.6521511077880859
0.06587600708007812
0.7535161972045898
0.6536769866943359
0.6942033767700195
0.5309562683105469
0.36093711853027344
0.20401573181152344
0.534977912902832
0.3634071350097656
0.2342061996459961
0.8856143951416016
0.8883304595947266
0.23796939849853516
0.4952058792114258
0.8755807876586914
1.0629234313964844
0.4408254623413086
0.8306150436401367
0.28165435791015625
0.599635124206543
0.5553417205810547
0.34627342224121094
0.9895763397216797
0.8010635375976562
0.5432271957397461
0.6373291015625
0.5154399871826172
0.25826263427734375
0.2111663818359375
0.4073820114135742
0.71533203125
0.49274730682373047
0.40482521057128906
0.349517822265625
1.0201635360717773
0.6425933837890625
0.5027637481689453
0.47391796112060547
0.3765745162963867
0.943699836730957
1.1387605667114258
0.5755548477172852
0.570927619934082
0.6257352828979492
0.4659414291381836
0.47417354583740234
0.7618875503540039
0.3412294387817383
0.5230789184570312
0.6615676879882812
0.7999076843261719
0.5290184020996094
0.4657001495361328
0.5631217956542969
0.8070888519287109
0.3996849060058594
0.4035816192626953
1.072829246520996
0.8613481521606445
0.703216552734375
1.3615236282348633
0.7708921432495117
0.45269107818603516
0.4578275680541992
0.98797607421875
0.8059911727905273
1.2085084915161133
1.552809715270996
0.7541866302490234
1.1560659408569336
0.9456911087036133
0.6577816009521484
0.6739158630371094
1.217864990234375
0.8352794647216797
0.29828548431396484
1.229090690612793
1.3600330352783203
0.9575700759887695
0.4978666305541992
1.1747074127197266
1.4702329635620117
1.0162153244018555
0.6905117034912109
0.5210771560668945
0.7609882354736328
0.5935239791870117
0.4564199447631836
0.38002967834472656
0.8220539093017578
0.8803234100341797
0.2650175094604492
0.5458927154541016
0.7838325500488281
0.8042984008789062
0.36626243591308594
0.6905088424682617
0.5768451690673828
0.7710351943969727
0.8313426971435547
0.44173622131347656
0.28084754943847656
0.8353643417358398
0.6637935638427734
0.5345926284790039
1.1860008239746094
1.1887168884277344
0.5275335311889648
0.44954395294189453
0.7987489700317383
0.9860916137695312
0.5974187850952148
0.7537832260131836
0.5820407867431641
0.9000215530395508
0.8162651062011719
0.6466598510742188
1.2899627685546875
0.7242317199707031
0.8436136245727539
0.7458820343017578
0.815826416015625
0.2862415313720703
0.12125778198242188
0.3305501937866211
0.6385002136230469
0.7931337356567383
0.32799339294433594
0.2726860046386719
1.3205499649047852
0.8078670501708984
0.8031501770019531
0.7743043899536133
0.6769609451293945
1.2440862655639648
1.4391469955444336
0.875941276550293
0.4940958023071289
0.926121711730957
0.38910961151123047
0.7097101211547852
0.6850557327270508
0.04152393341064453
0.6462326049804688
0.9619541168212891
0.3003864288330078
1.4002571105957031
0.6159992218017578
0.2548656463623047
0.41155242919921875
0.8254737854003906
0.42531776428222656
0.6043434143066406
0.3522634506225586
0.24908733367919922
1.1258163452148438
0.777979850769043
0.05032634735107422
0.8286123275756836
0.2627382278442383
0.59698486328125
1.4063405990600586
0.5483732223510742
0.8322439193725586
0.03362083435058594
0.8554201126098633
0.22512531280517578
0.06278419494628906
0.35701751708984375
1.0516090393066406
1.435628890991211
0.42228031158447266
0.8025903701782227
0.6394672393798828
1.518845558166504
1.0982160568237305
0.45414161682128906
0.7496671676635742
0.7873735427856445
1.0497875213623047
0.2754220962524414
0.16063880920410156
0.8107595443725586
0.2641458511352539
0.6480083465576172
0.10148811340332031
0.4766559600830078
0.8653669357299805
0.2140216827392578
1.3841819763183594
0.1286334991455078
0.4793968200683594
1.277033805847168
1.177194595336914
0.1706857681274414
0.11077690124511719
0.8844547271728516
0.46306419372558594
0.11479854583740234
0.556060791015625
0.5864591598510742
0.4654350280761719
0.5783767700195312
0.7614870071411133
1.018723487854004
1.3990983963012695
1.5864410400390625
0.12314701080322266
1.3541326522827148
0.7918796539306641
0.5194025039672852
1.0788593292236328
0.6176662445068359
0.56939697265625
1.3245811462402344
0.3949460983276367
1.1608467102050781
1.0186042785644531
0.7817802429199219
0.6313457489013672
0.9308996200561523
1.2388496398925781
0.9579935073852539
0.9283428192138672
0.8730354309082031
0.8439702987670898
1.1661109924316406
0.466949462890625
0.8235483169555664
0.719447135925293
0.5487890243530273
0.7185811996459961
0.8150835037231445
1.0944452285766602
0.937779426574707
0.9894590377807617
0.9976911544799805
1.285405158996582
0.761408805847168
1.0465965270996094
0.7776908874511719
0.5235176086425781
0.7205657958984375
0.6308879852294922
0.8933029174804688
0.9566211700439453
0.8591995239257812
0.6152324676513672
1.1270732879638672
1.0187397003173828
0.9078264236450195
0.8009405136108398
0.7191047668457031
0.2720479965209961
1.024571418762207
0.969630241394043
0.9644937515258789
0.45304298400878906
0.8882455825805664
0.5016546249389648
0.2280263900756836
1.0531558990478516
0.26625537872314453
0.8732786178588867
1.0799388885498047
0.7484054565429688
0.20445632934570312
0.8460884094238281
1.1240358352661133
0.2474374771118164
0.6399517059326172
0.46881771087646484
0.9981698989868164
0.7349224090576172
0.46536731719970703
0.40610599517822266
0.7318096160888672
0.977177619934082
1.2106666564941406
0.8287973403930664
0.9659013748168945
1.0422916412353516
0.9857368469238281
0.5733718872070312
1.4066972732543945
0.8764286041259766
0.7965431213378906
1.1786613464355469
1.0560588836669922
0.7318124771118164
0.8996734619140625
1.2207136154174805
0.9970588684082031
0.9805850982666016
1.1648197174072266
0.9569425582885742
0.7585277557373047
0.8877286911010742
0.8159255981445312
0.4716510772705078
0.8947877883911133
0.9727773666381836
0.7585363388061523
0.6757793426513672
0.9673357009887695
0.8601503372192383
0.8402805328369141
0.5306253433227539
0.6060562133789062
0.7756614685058594
0.7166996002197266
0.9029464721679688
0.6550817489624023
0.6764392852783203
0.6064949035644531
1.1360797882080078
1.3331012725830078
1.2278623580932617
0.8802566528320312
0.6291875839233398
1.377462387084961
1.1833000183105469
0.20605754852294922
0.6144542694091797
0.619171142578125
0.6480169296264648
0.7453603744506836
0.5012388229370117
0.5076169967651367
0.5463800430297852
1.1788740158081055
0.4961996078491211
1.2602224349975586
0.712611198425293
0.8859872817993164
1.4631643295288086
0.7760887145996094
0.46036720275878906
1.1219348907470703
1.4223213195800781
1.050027847290039
0.5781393051147461
0.8405542373657227
0.9038724899291992
0.8064508438110352
0.5624837875366211
1.074324607849121
0.9659910202026367
0.7114238739013672
0.6045379638671875
0.666356086730957
0.07564544677734375
0.8281688690185547
0.9168815612792969
0.9117450714111328
0.38159656524658203
0.8354969024658203
0.3052520751953125
0.18323707580566406
0.8567533493041992
0.21350669860839844
0.6768760681152344
0.8835363388061523
0.6956567764282227
0.1979837417602539
0.793339729309082
1.0712871551513672
0.14048194885253906
0.44354915618896484
0.6652202606201172
0.9454212188720703
0.5385198593139648
0.2689647674560547
0.35335731506347656
0.6790609359741211
0.9244289398193359
1.0142641067504883
0.7760486602783203
0.9131526947021484
0.9895429611206055
0.7893342971801758
0.48924922943115234
1.3539485931396484
0.8236799240112305
0.7437944412231445
0.9822587966918945
1.003310203552246
0.6790637969970703
0.8469247817993164
1.0243110656738281
0.8006563186645508
0.9278364181518555
1.1120710372924805
0.7605400085449219
0.7057790756225586
0.8349800109863281
0.6195230484008789
0.27524852752685547
0.8420391082763672
0.9200286865234375
0.7057876586914062
0.7328157424926758
0.7721538543701172
0.8074016571044922
0.787531852722168
0.46955108642578125
0.5533075332641602
0.7229127883911133
0.5202970504760742
0.8501977920532227
0.5259590148925781
0.6236906051635742
0.553746223449707
1.0833311080932617
1.2803525924682617
1.1751136779785156
0.8275079727172852
0.5764389038085938
1.3247137069702148
1.1305513381958008
0.049022674560546875
0.5617055892944336
0.5664224624633789
0.5952682495117188
0.6926116943359375
0.3048362731933594
0.3112144470214844
0.49363136291503906
1.1261253356933594
0.443450927734375
1.2074737548828125
0.6598625183105469
0.8332386016845703
1.4104156494140625
0.7233400344848633
0.40761852264404297
1.0691862106323242
1.369572639465332
0.8536252975463867
0.19640254974365234
0.7850847244262695
0.522669792175293
0.6164007186889648
0.5567731857299805
0.8007402420043945
0.6462316513061523
0.3972330093383789
1.0664806365966797
0.8549995422363281
0.6968679428100586
1.3551750183105469
0.8214397430419922
0.44634246826171875
0.6953678131103516
0.9816274642944336
0.5594444274902344
1.2021598815917969
1.5464611053466797
0.8500242233276367
1.1497173309326172
0.9393424987792969
0.8768072128295898
0.667567253112793
1.2115163803100586
0.5887327194213867
0.49030494689941406
1.2227420806884766
1.353684425354004
0.9512214660644531
0.4178028106689453
1.1683588027954102
1.4638843536376953
1.009866714477539
0.6841630935668945
0.7676239013671875
1.0075349807739258
0.5871753692626953
0.6317920684814453
0.37368106842041016
0.8157052993774414
0.8739748001098633
0.01847076416015625
0.6328744888305664
0.6194295883178711
0.975529670715332
0.36749935150146484
0.6841602325439453
0.5162992477416992
1.0175819396972656
0.8249940872192383
0.43538761138916016
0.5273942947387695
0.8290157318115234
0.657444953918457
0.5282440185546875
1.179652214050293
1.182368278503418
0.5211849212646484
0.4431953430175781
0.6574363708496094
0.7401933670043945
0.7642040252685547
0.5558223724365234
0.5756921768188477
0.8936729431152344
0.8099164962768555
0.6403112411499023
1.283614158630371
0.513026237487793
0.8372650146484375
0.7395334243774414
0.8094778060913086
0.2798929214477539
0.36780452728271484
0.1881103515625
0.5357160568237305
0.7867851257324219
0.08144664764404297
0.23267269134521484
1.3142013549804688
0.801518440246582
0.7968015670776367
0.7679557800292969
0.6706123352050781
1.2377376556396484
1.4327983856201172
0.8695926666259766
0.24754905700683594
0.9197731018066406
0.15575027465820312
0.7033615112304688
0.5299854278564453
0.20502281188964844
0.6398839950561523
0.9556055068969727
0.3233785629272461
0.24654674530029297
0.8468961715698242
1.4159727096557617
1.3632240295410156
1.3146448135375977
0.5303869247436523
0.3278226852416992
0.3259401321411133
0.7398614883422852
0.4982748031616211
0.5187311172485352
0.27930641174316406
0.16347503662109375
1.0402040481567383
0.6923675537109375
0.06015586853027344
0.7430000305175781
0.3356952667236328
0.5113725662231445
1.3207283020019531
0.46276092529296875
0.7592868804931641
0.08874034881591797
0.7698078155517578
0.15216827392578125
0.1357412338256836
0.2714052200317383
0.9659967422485352
1.3500165939331055
0.4952373504638672
0.7169780731201172
0.5665102005004883
1.4332332611083984
1.012603759765625
0.38118457794189453
0.6767101287841797
0.7017612457275391
0.9641752243041992
0.34837913513183594
0.24625110626220703
0.7251472473144531
0.33710289001464844
0.5623960494995117
0.02853107452392578
0.39104366302490234
0.779754638671875
0.24763011932373047
1.298569679260254
0.21424579620361328
0.4272603988647461
1.1914215087890625
1.0915822982788086
0.2562980651855469
0.037819862365722656
0.7988424301147461
0.5360212326049805
0.04184150695800781
0.47044849395751953
0.5008468627929688
0.39247798919677734
0.4927644729614258
0.6758747100830078
0.9331111907958984
1.313486099243164
1.500828742980957
0.1961040496826172
1.2685203552246094
0.7062673568725586
0.4337902069091797
0.9932470321655273
0.5320539474487305
0.49643993377685547
1.238968849182129
0.30933380126953125
1.0752344131469727
0.9329919815063477
0.6961679458618164
0.7043027877807617
0.8452873229980469
1.1532373428344727
0.8723812103271484
0.8427305221557617
0.7874231338500977
0.7583580017089844
1.0804986953735352
0.38133716583251953
0.7379360198974609
0.6338348388671875
0.4631767272949219
0.6456241607666016
0.7294712066650391
1.0088329315185547
0.8521671295166016
0.9038467407226562
0.912078857421875
1.1997928619384766
0.8343658447265625
0.9609842300415039
0.6920785903930664
0.4931364059448242
0.793522834777832
0.08561229705810547
0.9644155502319336
0.7680130004882812
0.7871742248535156
0.41635608673095703
0.640254020690918
0.7534055709838867
0.6061506271362305
0.3621835708618164
0.8740243911743164
0.765690803527832
0.8416996002197266
0.7348136901855469
0.46605587005615234
0.20592117309570312
0.9584445953369141
0.7165813446044922
0.8323726654052734
0.3869161605834961
0.6351966857910156
0.4355278015136719
0.38353729248046875
0.9870290756225586
0.1284809112548828
0.8071517944335938
1.0138120651245117
0.6268835067749023
0.06770801544189453
0.5930395126342773
0.8709869384765625
0.18131065368652344
0.5738248825073242
0.5349445343017578
0.7451210021972656
0.6687955856323242
0.39924049377441406
0.19652748107910156
0.4787607192993164
0.9046287536621094
1.1445398330688477
0.5757484436035156
0.7687969207763672
0.7892427444458008
0.9196100234985352
0.5072450637817383
1.1536483764648438
0.7698793411254883
0.5434942245483398
1.112534523010254
0.8030099868774414
0.4787635803222656
0.6466245651245117
1.1545867919921875
0.9309320449829102
0.7275362014770508
0.9117708206176758
0.8908157348632812
0.5054788589477539
0.6346797943115234
0.7497987747192383
0.40552425384521484
0.6417388916015625
0.7197284698486328
0.5054874420166016
0.6025400161743164
0.9012088775634766
0.6071014404296875
0.5872316360473633
0.46449851989746094
0.35300731658935547
0.5226125717163086
0.6505727767944336
0.649897575378418
0.5889549255371094
0.42339038848876953
0.35344600677490234
0.883030891418457
1.080052375793457
0.9748134613037109
0.6272077560424805
0.37613868713378906
1.1244134902954102
0.9302511215209961
0.1512775421142578
0.3614053726196289
0.5169515609741211
0.39496803283691406
0.4923114776611328
0.43511199951171875
0.44149017333984375
0.2933311462402344
0.9258251190185547
0.2431507110595703
1.0071735382080078
0.4595623016357422
0.6329383850097656
1.2101154327392578
0.5230398178100586
0.20731830596923828
0.8688859939575195
1.1692724227905273
0.9839010238647461
0.2530488967895508
0.2003002166748047
1.162923812866211
0.8982887268066406
0.3892822265625
0.3949756622314453
0.7804794311523438
0.5994224548339844
0.2777976989746094
0.8103103637695312
0.4066314697265625
0.8687734603881836
0.7618875503540039
0.17392539978027344
0.8322324752807617
0.9855184555053711
0.18236255645751953
0.8594465255737305
0.45868492126464844
0.39536571502685547
0.6792173385620117
1.0235185623168945
1.0141029357910156
0.626774787902832
0.8342256546020508
1.0408859252929688
0.6539573669433594
0.6885738372802734
0.4246540069580078
0.654383659362793
0.6997995376586914
0.8307418823242188
0.5078706741333008
0.10513973236083984
0.6958694458007812
0.9409418106079102
0.4869241714477539
0.16122055053710938
0.9317026138305664
1.1716136932373047
0.20021533966064453
0.7958707809448242
0.36296653747558594
0.9466838836669922
0.5343189239501953
0.513667106628418
0.7969532012939453
0.37320709228515625
1.139608383178711
0.5315780639648438
0.26605892181396484
0.16621971130371094
1.1816606521606445
0.9580059051513672
0.12652015686035156
0.6914730072021484
0.9178895950317383
0.4549140930175781
0.4245157241821289
0.7768726348876953
0.6594257354736328
0.24948787689208984
0.07974720001220703
0.3881235122680664
0.5754661560058594
0.9282827377319336
0.3431577682495117
0.21909523010253906
0.49157238006591797
0.2869739532470703
0.3933086395263672
0.7606716156005859
0.31360626220703125
0.6160287857055664
0.21659088134765625
0.28653526306152344
0.24304962158203125
0.5318832397460938
0.33483219146728516
0.227874755859375
0.2638425827026367
0.4844322204589844
0.2902698516845703
0.7912588119506836
0.2785758972167969
0.5440254211425781
0.24501323699951172
0.29152774810791016
0.7147951126098633
0.909855842590332
0.3466501235961914
0.2858438491821289
0.39683055877685547
0.36719226837158203
0.1804189682006836
0.2744302749633789
0.570134162902832
0.11694145202636719
0.4326629638671875
0.487457275390625
0.5292911529541016
1.0109748840332031
0.8930301666259766
0.8402814865112305
0.5229425430297852
0.9253625869750977
0.6399812698364258
0.9665288925170898
0.25197315216064453
0.2032327651977539
0.28607654571533203
0.5300436019897461
0.2330636978149414
0.17061519622802734
0.7957839965820312
0.5843029022216797
0.6920881271362305
1.0844783782958984
0.4938468933105469
0.3948841094970703
0.2821998596191406
0.7109308242797852
0.9726123809814453
0.9314632415771484
1.2757644653320312
0.4771413803100586
0.8790206909179688
0.6686458587646484
0.4636392593383789
0.39687061309814453
0.9408197402954102
1.0019006729125977
0.07713699340820312
0.9520454406738281
1.0829877853393555
1.0851173400878906
0.6644878387451172
0.8976621627807617
1.1931877136230469
0.7391700744628906
0.6160593032836914
0.35445594787597656
0.5943670272827148
0.3770313262939453
0.21862411499023438
0.2142801284790039
0.545008659362793
0.6032781600952148
0.4316387176513672
0.2688474655151367
0.9504537582397461
0.5623617172241211
0.0892171859741211
0.8433055877685547
0.7434663772583008
0.6044139862060547
0.5542974472045898
0.4507265090942383
0.1142263412475586
0.558319091796875
0.3867483139038086
0.25754737854003906
0.9089555740356445
0.9116716384887695
0.3277587890625
0.5849952697753906
0.9653701782226562
1.1527128219604492
0.35103607177734375
0.9204044342041016
0.3581514358520508
0.6229763031005859
0.6451311111450195
0.3696146011352539
1.0129175186157227
0.8908529281616211
0.5665683746337891
0.7271184921264648
0.5848760604858398
0.3480520248413086
0.18782520294189453
0.49717140197753906
0.8051214218139648
0.5242652893066406
0.4946146011352539
0.43930721282958984
1.0435047149658203
0.7323827743530273
0.5261049270629883
0.49725914001464844
0.3999156951904297
0.967041015625
1.1621017456054688
0.5988960266113281
0.6607170104980469
0.6490764617919922
0.5557308197021484
0.5639629364013672
0.8516769409179688
0.3178882598876953
0.6128683090209961
0.6849088668823242
0.08978939056396484
0.27704524993896484
0.44352054595947266
1.1452760696411133
1.0925273895263672
0.41316795349121094
0.5164775848388672
0.8922271728515625
0.5772466659545898
0.5766897201538086
0.25945377349853516
0.5930719375610352
0.4120149612426758
0.018616676330566406
0.6229028701782227
0.3848905563354492
0.681365966796875
0.5744800567626953
0.3022489547729492
0.5730514526367188
0.7981109619140625
0.3357810974121094
0.6720390319824219
0.22658252716064453
0.5827732086181641
0.42003631591796875
0.7643375396728516
0.826695442199707
0.36759376525878906
0.6468181610107422
0.8534784317016602
0.4665498733520508
0.42939281463623047
0.6120615005493164
0.4901866912841797
0.44061851501464844
0.5715608596801758
0.6952781677246094
0.3643207550048828
0.5084619522094727
0.6817607879638672
0.22774314880371094
0.22622013092041016
0.7442951202392578
0.9842061996459961
0.1949481964111328
0.6084632873535156
0.40844249725341797
0.7592763900756836
0.3469114303588867
0.7728481292724609
0.6095457077026367
0.5606145858764648
0.9522008895874023
0.4222097396850586
0.45346641540527344
0.35362720489501953
0.9942531585693359
0.7705984115600586
0.34673595428466797
0.530970573425293
0.7304821014404297
0.26750659942626953
0.2538795471191406
0.5894651412963867
0.40024471282958984
0.2609386444091797
0.33892822265625
0.575531005859375
0.762873649597168
0.740875244140625
0.5305652618408203
0.20643138885498047
0.3041648864746094
0.2552919387817383
0.2059011459350586
0.501490592956543
0.5010137557983398
0.4286212921142578
0.3372793197631836
0.1950368881225586
0.5022306442260742
0.6992521286010742
0.5940132141113281
0.4152822494506836
0.13442611694335938
0.7436132431030273
0.5494508743286133
0.5320777893066406
0.3425436019897461
0.35661792755126953
0.01416778564453125
0.11151123046875
0.4556140899658203
0.6506748199462891
0.08746910095214844
0.5450248718261719
0.1376495361328125
0.626373291015625
0.17412376403808594
0.4618377685546875
0.829315185546875
0.22302913665771484
0.17348194122314453
0.4880857467651367
0.7884721755981445
0.8235673904418945
0.6338491439819336
0.5811004638671875
0.7821235656738281
0.7379550933837891
0.3808002471923828
0.25918102264404297
0.5114269256591797
0.2659921646118164
0.5923089981079102
0.9778127670288086
0.7967557907104492
0.38283443450927734
1.007643699645996
0.6039648056030273
1.0661067962646484
0.9592208862304688
0.17777538299560547
0.8360824584960938
1.182851791381836
0.3796958923339844
1.0567798614501953
0.611323356628418
0.19803237915039062
0.6830673217773438
1.0273685455322266
1.2114362716674805
0.6306247711181641
1.0315589904785156
1.2382192611694336
0.8512907028198242
0.6924238204956055
0.22732067108154297
0.8517169952392578
0.7036495208740234
0.8345918655395508
0.43212890625
0.1100921630859375
0.8932027816772461
0.9447917938232422
0.49077415466308594
0.1650705337524414
1.1290359497070312
1.3689470291137695
0.3975486755371094
0.9932041168212891
0.5602998733520508
1.144017219543457
0.7316522598266602
0.5098171234130859
0.9942865371704102
0.1758737564086914
1.3369417190551758
0.7289113998413086
0.1650676727294922
0.031113624572753906
1.3789939880371094
1.155339241027832
0.3238534927368164
0.8888063430786133
1.1152229309082031
0.652247428894043
0.6218490600585938
0.9742059707641602
0.6632757186889648
0.4468212127685547
0.18958473205566406
0.19079017639160156
0.37813282012939453
1.1256160736083984
0.14582443237304688
0.4164285659790039
0.6889057159423828
0.29082393646240234
0.590641975402832
0.8749799728393555
0.1162729263305664
0.8133621215820312
0.22044086456298828
0.29038524627685547
0.4265279769897461
0.7292165756225586
0.3309822082519531
0.030541419982910156
0.26769256591796875
0.48058223724365234
0.33527278900146484
0.7951087951660156
0.2824258804321289
0.741358757019043
0.38475990295410156
0.488861083984375
0.7186450958251953
0.9137058258056641
0.39322471618652344
0.2819938659667969
0.4006805419921875
0.36334228515625
0.2106170654296875
0.07709693908691406
0.5664348602294922
0.1617116928100586
0.43651294708251953
0.6847906112670898
0.6079587936401367
1.208308219909668
0.8968801498413086
0.8441314697265625
0.5190925598144531
1.1226959228515625
0.6438312530517578
0.19733333587646484
0.7745800018310547
0.38474082946777344
0.8698806762695312
0.6074657440185547
0.5441474914550781
0.6415691375732422
0.8855361938476562
0.4394073486328125
0.4820289611816406
1.1512765884399414
0.9397954940795898
0.7816638946533203
1.4399709701538086
0.849339485168457
0.5311384201049805
0.5362749099731445
1.0664234161376953
0.7662687301635742
1.2869558334350586
1.6312570571899414
0.8326339721679688
1.234513282775879
1.0241384506225586
0.7362289428710938
0.7523632049560547
1.2963123321533203
0.7955570220947266
0.37673282623291016
1.3075380325317383
1.4384803771972656
1.0360174179077148
0.502598762512207
1.2531547546386719
1.548680305480957
1.0946626663208008
0.7689590454101562
0.5607995986938477
0.8007106781005859
0.671971321105957
0.5348672866821289
0.4584770202636719
0.9005012512207031
0.958770751953125
0.2252950668334961
0.6243400573730469
0.744110107421875
0.8827457427978516
0.44470977783203125
0.768956184387207
0.6010951995849609
0.8107576370239258
0.9097900390625
0.5201835632324219
0.3359489440917969
0.9138116836547852
0.7422409057617188
0.6130399703979492
1.2644481658935547
1.2671642303466797
0.6059808731079102
0.5279912948608398
0.7590265274047852
0.9463691711425781
0.6758661270141602
0.7140607833862305
0.6604881286621094
0.9784688949584961
0.8947124481201172
0.7251071929931641
1.3684101104736328
0.68450927734375
0.9220609664916992
0.8243293762207031
0.8942737579345703
0.3646888732910156
0.16766738891601562
0.29082775115966797
0.6205120086669922
0.8715810775756836
0.2882709503173828
0.31746864318847656
1.3989973068237305
0.8863143920898438
0.8815975189208984
0.8527517318725586
0.7554082870483398
1.3225336074829102
1.517594337463379
0.9543886184692383
0.4543733596801758
1.0045690536499023
0.34938716888427734
0.7881574630737305
0.6453332901000977
0.037604331970214844
0.7246799468994141
1.0404014587402344
0.3788337707519531
0.07844734191894531
0.7990131378173828
1.5007686614990234
1.4480199813842773
0.20682430267333984
0.8719701766967773
1.2477197647094727
0.6077384948730469
0.35549259185791016
0.8669195175170898
0.6038885116577148
1.012547492980957
0.27640628814697266
0.3397245407104492
0.24230289459228516
0.43776416778564453
0.5101766586303711
0.4018430709838867
0.26740455627441406
0.13862228393554688
0.7381067276000977
0.5560989379882812
0.36225318908691406
0.4409027099609375
0.3475971221923828
0.2092752456665039
1.0186309814453125
0.40308380126953125
0.7473850250244141
0.3908376693725586
0.4677104949951172
0.21096038818359375
0.4176206588745117
0.13150882720947266
0.6638994216918945
1.0479192733764648
0.5071392059326172
0.42366600036621094
0.5546083450317383
1.1311359405517578
0.7105064392089844
0.36928272247314453
0.6648082733154297
0.39966392517089844
0.6620779037475586
0.36028099060058594
0.5483484268188477
0.4230499267578125
0.34900474548339844
0.42539501190185547
0.32341861724853516
0.08894634246826172
0.7898006439208984
0.25953197479248047
0.9964723587036133
0.5163431167602539
0.4391622543334961
0.8893241882324219
0.789484977722168
0.5583953857421875
0.33474063873291016
0.49674510955810547
0.5479230880737305
0.29462432861328125
0.1683511734008789
0.2708320617675781
0.38057613372802734
0.38329219818115234
0.3737773895263672
0.6310138702392578
1.0113887786865234
1.1987314224243164
0.30501747131347656
0.9664230346679688
0.40417003631591797
0.13169288635253906
0.6911497116088867
0.22995662689208984
0.48453807830810547
0.9368715286254883
0.038188934326171875
0.773137092590332
0.630894660949707
0.5191831588745117
0.7162046432495117
0.6109657287597656
0.851140022277832
0.5702838897705078
0.7605657577514648
0.5664033889770508
0.5151252746582031
0.7784013748168945
0.0792398452758789
0.4358386993408203
0.3317375183105469
0.4386615753173828
0.6337223052978516
0.42737388610839844
0.7067356109619141
0.5500698089599609
0.6433258056640625
0.6099815368652344
0.8976955413818359
0.8462677001953125
0.6588869094848633
0.3899812698364258
0.5050382614135742
0.805424690246582
0.3877096176147461
0.662318229675293
0.56414794921875
0.7990760803222656
0.3020973205566406
0.59619140625
0.623265266418457
0.5283794403076172
0.43585777282714844
0.8205986022949219
0.8838720321655273
0.715662956237793
0.9780778884887695
1.041396141052246
0.943974494934082
0.700007438659668
1.211848258972168
1.1035146713256836
0.7403335571289062
0.6457481384277344
0.8038797378540039
0.14557266235351562
0.8570785522460938
1.0544052124023438
1.0492687225341797
0.5191202163696289
0.9730205535888672
0.33416175842285156
0.06053352355957031
0.8856630325317383
0.3510303497314453
0.7057857513427734
0.9124460220336914
0.8331804275512695
0.2892313003540039
0.9308633804321289
1.208810806274414
0.27800559997558594
0.4724588394165039
0.6363105773925781
1.0829448699951172
0.5674295425415039
0.29787445068359375
0.49088096618652344
0.816584587097168
1.0619525909423828
1.0431737899780273
0.9135723114013672
1.0506763458251953
1.1270666122436523
0.8182439804077148
0.6267728805541992
1.4914722442626953
0.9612035751342773
0.8813180923461914
1.0111684799194336
1.140833854675293
0.8165874481201172
0.9844484329223633
1.0532207489013672
0.8295660018920898
1.0653600692749023
1.2495946884155273
0.7894496917724609
0.8433027267456055
0.972503662109375
0.648432731628418
0.31837940216064453
0.9795627593994141
1.0575523376464844
0.8433113098144531
0.760554313659668
0.9096775054931641
0.9449253082275391
0.9250555038452148
0.6070747375488281
0.690831184387207
0.8604364395141602
0.5492067337036133
0.9877214431762695
0.663482666015625
0.7612142562866211
0.6912698745727539
1.2208547592163086
1.4178762435913086
1.3126373291015625
0.965031623840332
0.7139625549316406
1.4622373580932617
1.2680749893188477
0.18654632568359375
0.6992292404174805
0.7039461135864258
0.7327919006347656
0.8301353454589844
0.33374595642089844
0.34012413024902344
0.6311550140380859
1.2636489868164062
0.5809745788574219
1.3449974060058594
0.7973861694335938
0.9707622528076172
1.5479393005371094
0.8608636856079102
0.5451421737670898
1.206709861755371
1.507096290588379
0.8825349807739258
0.16749286651611328
0.13752365112304688
1.5007476806640625
0.7969226837158203
0.33782386779785156
0.9778051376342773
1.230051040649414
0.7186241149902344
0.9816551208496094
1.5855436325073242
0.7016716003417969
0.20271968841552734
0.6832342147827148
1.0687379837036133
0.8876810073852539
0.47375965118408203
1.0985689163208008
0.694890022277832
1.1570320129394531
1.0501461029052734
0.1734170913696289
0.7728099822998047
1.2737770080566406
0.47062110900878906
1.147705078125
0.7022485733032227
0.10710716247558594
0.7508602142333984
0.9640960693359375
1.3023614883422852
0.567352294921875
1.1224842071533203
1.3291444778442383
0.9422159194946289
0.6291513442993164
0.13639545440673828
0.9426422119140625
0.6403770446777344
0.8891572952270508
0.36885643005371094
0.2010173797607422
0.9841279983520508
0.8815193176269531
0.5118598937988281
0.24944591522216797
1.219961166381836
1.4598722457885742
0.48847389221191406
1.0841293334960938
0.6512250900268555
1.2349424362182617
0.8225774765014648
0.573089599609375
1.0852117538452148
0.08494853973388672
1.4278669357299805
0.8198366165161133
0.10179519653320312
0.1220388412475586
1.469919204711914
1.2462644577026367
0.4147787094116211
0.979731559753418
1.2061481475830078
0.7431726455688477
0.7127742767333984
1.0651311874389648
0.7208566665649414
0.5377464294433594
0.28050994873046875
0.09986495971679688
0.28720760345458984
1.2165412902832031
0.05489921569824219
0.5073537826538086
0.7798309326171875
0.22755146026611328
0.6815671920776367
0.9659051895141602
0.06933879852294922
0.9042873382568359
0.15716838836669922
0.28062915802001953
0.5174531936645508
0.8201417922973633
0.3942546844482422
0.06038379669189453
0.34123992919921875
0.5438547134399414
0.42619800567626953
0.7318363189697266
0.21915340423583984
0.8322839736938477
0.47568511962890625
0.5797863006591797
0.7504444122314453
0.850433349609375
0.4841499328613281
0.34526634216308594
0.3614540100097656
0.42661476135253906
0.3015422821044922
0.052379608154296875
0.6573600769042969
0.2526369094848633
0.5215425491333008
0.7757158279418945
0.6988840103149414
1.2992334365844727
0.8336076736450195
0.7808589935302734
0.5823650360107422
1.2136211395263672
0.5805587768554688
0.28825855255126953
0.8655052185058594
0.4756660461425781
0.09092521667480469
0.6671609878540039
0.9115238189697266
0.9183826446533203
0.427490234375
0.4141101837158203
0.7422714233398438
0.5612144470214844
0.1472930908203125
0.7721023559570312
0.5395469665527344
0.8305654525756836
0.7236795425415039
0.2399120330810547
0.4183950424194336
0.9473104476928711
0.49043750762939453
0.8212385177612305
0.3757820129394531
0.43357372283935547
0.4243936538696289
0.6096811294555664
0.9758949279785156
0.2129373550415039
0.7960176467895508
1.0026779174804688
0.6157493591308594
0.2747364044189453
0.4628620147705078
0.6448431015014648
0.2859621047973633
0.5626907348632812
0.5460786819458008
0.518977165222168
0.6576614379882812
0.527104377746582
0.1853933334350586
0.25261688232421875
0.8934946060180664
1.1334056854248047
0.34960460662841797
0.7576627731323242
0.5630989074707031
0.9084758758544922
0.4961109161376953
0.9275045394897461
0.7587451934814453
0.41141510009765625
1.101400375366211
0.5768661499023438
0.30426692962646484
0.42048072814941406
1.1434526443481445
0.9197978973388672
0.5013923645019531
0.6856269836425781
0.8796815872192383
0.4167060852050781
0.4085359573364258
0.7386646270751953
0.3943901062011719
0.41559505462646484
0.49358463287353516
0.4263315200805664
0.6136741638183594
0.8900747299194336
0.3813657760620117
0.3610877990722656
0.45336437225341797
0.1268634796142578
0.3551006317138672
0.6394386291503906
0.4237537384033203
0.5778207778930664
0.19724655151367188
0.1273021697998047
0.6568870544433594
0.8539085388183594
0.7486696243286133
0.4010639190673828
0.1499948501586914
0.8982696533203125
0.7041072845458984
0.37742137908935547
0.1933441162109375
0.5058174133300781
0.1688241958618164
0.26616764068603516
0.4239778518676758
0.4960184097290039
0.1576833724975586
0.699681282043457
0.034987449645996094
0.7810297012329102
0.23341846466064453
0.40679454803466797
0.9839715957641602
0.29689598083496094
0.19507598876953125
0.6427421569824219
0.9431285858154297
0.9727668762207031
0.47919273376464844
0.42644405364990234
0.9367799758911133
0.8871545791625977
0.22614383697509766
0.4138374328613281
0.6660833358764648
0.15465641021728516
0.41768741607666016
1.021575927734375
0.585057258605957
0.5639677047729492
0.3544149398803711
0.9589776992797852
0.3037233352661133
0.24040508270263672
0.3378267288208008
0.5817937850952148
0.2406148910522461
0.17828655242919922
0.8475341796875
0.6360530853271484
0.6845369338989258
1.1362285614013672
0.5455970764160156
0.3873329162597656
0.2897510528564453
0.7626810073852539
0.9650611877441406
0.9832134246826172
1.3275146484375
0.5288915634155273
0.9307708740234375
0.7203960418701172
0.4711904525756836
0.4486207962036133
0.9925699234008789
0.994349479675293
0.08468818664550781
1.0037956237792969
1.1347379684448242
1.077566146850586
0.6569366455078125
0.9494123458862305
1.2449378967285156
0.7909202575683594
0.6085081100463867
0.36200714111328125
0.6019182205200195
0.3694801330566406
0.2311248779296875
0.20672893524169922
0.5967588424682617
0.6550283432006836
0.4240875244140625
0.32059764862060547
0.9429025650024414
0.5790033340454102
0.14096736907958984
0.83575439453125
0.7359151840209961
0.6119651794433594
0.6060476303100586
0.4431753158569336
0.12177753448486328
0.6100692749023438
0.43849849700927734
0.3092975616455078
0.9607057571411133
0.9634218215942383
0.3202075958251953
0.5774440765380859
0.9578189849853516
1.1451616287231445
0.37212371826171875
0.9128532409667969
0.35674571990966797
0.6747264862060547
0.6375799179077148
0.42136478424072266
1.0646677017211914
0.8833017349243164
0.6183185577392578
0.7195672988891602
0.5905313491821289
0.3405008316040039
0.13607501983642578
0.4896202087402344
0.7975702285766602
0.5678386688232422
0.4870634078979492
0.43175601959228516
1.095254898071289
0.7248315811157227
0.577855110168457
0.5490093231201172
0.45166587829589844
1.0187911987304688
1.2138519287109375
0.6506462097167969
0.6531658172607422
0.7008266448974609
0.5481796264648438
0.5564117431640625
0.8441257476806641
0.26613807678222656
0.6053171157836914
0.736659049987793
0.08223819732666016
0.2252950668334961
0.4952707290649414
1.197026252746582
1.144277572631836
0.40561676025390625
0.5682277679443359
0.9439773559570312
0.5696954727172852
0.05175018310546875
0.5631771087646484
0.76702880859375
0.3037424087524414
0.5801296234130859
1.2818012237548828
0.8579540252685547
0.7178335189819336
0.9378604888916016
0.36649131774902344
0.4298095703125
0.33238792419433594
0.36307716369628906
0.6002616882324219
0.4919281005859375
0.32019519805908203
0.21330928802490234
0.6634197235107422
0.46601390838623047
0.43694019317626953
0.44281864166259766
0.4376821517944336
0.13458824157714844
0.943943977355957
0.31299877166748047
0.6572999954223633
0.46552467346191406
0.3930234909057617
0.2856473922729492
0.4923076629638672
0.22159385681152344
0.5892124176025391
0.9732322692871094
0.597224235534668
0.3401937484741211
0.4645233154296875
1.0564489364624023
0.6358194351196289
0.27919769287109375
0.5747232437133789
0.32497692108154297
0.5873908996582031
0.4503660202026367
0.6230354309082031
0.34836292266845703
0.4390897750854492
0.5154800415039062
0.3981056213378906
0.015186309814453125
0.8798856735229492
0.34961700439453125
0.9217853546142578
0.5910301208496094
0.5292472839355469
0.8146371841430664
0.7147979736328125
0.633082389831543
0.4094276428222656
0.45377349853515625
0.6380081176757812
0.3693113327026367
0.23171615600585938
0.3609170913696289
0.29049110412597656
0.29320716857910156
0.36797618865966797
0.5563268661499023
0.936701774597168
1.124044418334961
0.37970447540283203
0.8917360305786133
0.3294830322265625
0.057005882263183594
0.6164627075195312
0.24884986877441406
0.3944530487060547
0.8621845245361328
0.06745052337646484
0.6984500885009766
0.5562076568603516
0.6092681884765625
0.8062896728515625
0.7010507583618164
0.7764530181884766
0.49559688568115234
0.8506507873535156
0.6564884185791016
0.42504024505615234
0.7037143707275391
0.09235954284667969
0.36115169525146484
0.2570505142211914
0.34857654571533203
0.5436372756958008
0.35268688201904297
0.6520624160766602
0.47538280487060547
0.7334108352661133
0.5352945327758789
0.8230085372924805
0.9363527297973633
0.5841999053955078
0.3152942657470703
0.595123291015625
0.8955097198486328
0.46239662170410156
0.5876312255859375
0.4740629196166992
0.8891611099243164
0.3767843246459961
0.5215044021606445
0.5485782623291016
0.618464469909668
0.36117076873779297
0.7459115982055664
0.9739570617675781
0.09008502960205078
0.6115865707397461
0.8368368148803711
0.5103702545166016
0.6702146530151367
0.7375564575195312
0.8683662414550781
0.9316844940185547
0.8342628479003906
0.5902957916259766
1.1021366119384766
0.9938030242919922
0.5204992294311523
0.536036491394043
0.6941680908203125
0.1152791976928711
0.6372442245483398
0.9446935653686523
0.9395570755004883
0.4094085693359375
0.8633089065551758
0.18887615203857422
0.1593008041381836
0.6658287048339844
0.2413187026977539
0.48595142364501953
0.7396030426025391
0.7234687805175781
0.38890838623046875
0.8211517333984375
1.0990991592407227
0.16829395294189453
0.25262451171875
0.856144905090332
0.9732332229614258
0.34759521484375
0.07804012298583984
0.38116931915283203
0.7068729400634766
0.9522409439086914
0.8233394622802734
0.8038606643676758
0.9409646987915039
1.017354965209961
0.5984096527099609
0.5170612335205078
1.381760597229004
0.8514919281005859
0.7716064453125
0.7913341522216797
1.0311222076416016
0.7068758010864258
0.8747367858886719
0.8333864212036133
0.6097316741943359
0.9556484222412109
1.139883041381836
0.569615364074707
0.7335910797119141
0.8627920150756836
0.42859840393066406
0.20866775512695312
0.8698511123657227
0.947840690612793
0.7363977432250977
0.9237403869628906
0.7999658584594727
0.8352136611938477
0.8153438568115234
0.4973630905151367
0.5811195373535156
0.7507247924804688
0.3293724060058594
0.8780097961425781
0.5537710189819336
0.6515026092529297
0.5815582275390625
1.1111431121826172
1.3081645965576172
1.202925682067871
0.8553199768066406
0.6042509078979492
1.3525257110595703
1.1583633422851562
0.18126964569091797
0.5895175933837891
0.5942344665527344
0.6230802536010742
0.720423698425293
0.15329837799072266
0.12028980255126953
0.5214433670043945
1.1539373397827148
0.47126293182373047
1.235285758972168
0.6876745223999023
0.8610506057739258
1.438227653503418
0.7511520385742188
0.43543052673339844
1.0969982147216797
1.3973846435546875
0.67681884765625
0.3873271942138672
0.19092464447021484
1.391036033630371
0.6038618087768555
0.3212003707885742
0.8680934906005859
1.1203393936157227
0.608912467956543
0.871943473815918
1.4758319854736328
0.5919599533081055
0.2198343276977539
0.8086709976196289
0.4542560577392578
1.1720895767211914
0.5018749237060547
0.7094945907592773
0.7378225326538086
0.8011407852172852
0.7037191390991211
0.45975208282470703
0.971592903137207
0.8632593154907227
0.5485610961914062
0.44167518615722656
0.563624382019043
0.09468269348144531
0.6653060913085938
0.8141498565673828
0.8090133666992188
0.27886486053466797
0.7327651977539062
0.14238929748535156
0.2859687805175781
0.6938905715942383
0.1646575927734375
0.5140132904052734
0.7206735610961914
0.5929250717163086
0.36084651947021484
0.7448663711547852
0.9685554504394531
0.11182785034179688
0.2806863784790039
0.8280830383300781
0.8426895141601562
0.3756570816040039
0.20339202880859375
0.2506256103515625
0.576329231262207
0.8216972351074219
0.8514013290405273
0.6733169555664062
0.8104209899902344
0.8868112564086914
0.6264715194702148
0.3865175247192383
1.2512168884277344
0.7209482192993164
0.6934194564819336
0.8193960189819336
0.900578498840332
0.5862712860107422
0.7441930770874023
0.8614482879638672
0.6377935409545898
0.8251047134399414
1.0093393325805664
0.5976772308349609
0.6030473709106445
0.7322483062744141
0.45666027069091797
0.11238574981689453
0.7393074035644531
0.8172969818115234
0.7083358764648438
0.8956785202026367
0.6694221496582031
0.7046699523925781
0.6848001480102539
0.3668193817138672
0.4505758285522461
0.6201810836791992
0.3574342727661133
0.7474660873413086
0.42322731018066406
0.5209589004516602
0.45101451873779297
0.9805994033813477
1.1776208877563477
1.0723819732666016
0.7247762680053711
0.4737071990966797
1.2219820022583008
1.0278196334838867
0.15320777893066406
0.47534847259521484
0.46369075775146484
0.4925365447998047
0.5898799896240234
0.14197349548339844
0.17230606079101562
0.390899658203125
1.0233936309814453
0.34071922302246094
1.1047420501708984
0.5571308135986328
0.7305068969726562
1.3076839447021484
0.6206083297729492
0.3048868179321289
0.9664545059204102
1.266840934753418
0.6907625198364258
0.3592653274536133
0.16286277770996094
1.2604923248291016
0.6051502227783203
0.2931385040283203
0.7375497817993164
0.9897956848144531
0.47836875915527344
0.7413997650146484
1.3452882766723633
0.46141624450683594
0.24025535583496094
0.6781272888183594
0.3237123489379883
1.0415458679199219
0.37133121490478516
0.13054370880126953
1.0914325714111328
0.3071746826171875
0.08455085754394531
0.10272789001464844
0.5166492462158203
0.2550029754638672
0.2955188751220703
0.522578239440918
0.3110971450805664
0.8169918060302734
0.8112726211547852
0.2833681106567383
0.5197877883911133
0.15729618072509766
0.4377250671386719
1.0975160598754883
0.6582574844360352
1.002558708190918
0.3119525909423828
0.6058149337768555
0.39544010162353516
0.33873558044433594
0.12366485595703125
0.7427845001220703
1.1268043518066406
0.2519655227661133
0.6788396835327148
0.8097820281982422
1.2100210189819336
0.7893915176391602
0.6244564056396484
0.9199819564819336
0.4785490036010742
0.7409629821777344
0.2295522689819336
0.4694633483886719
0.5019350051879883
0.09383106231689453
0.3391838073730469
0.2718029022216797
0.33007240295410156
0.5565423965454102
0.0948028564453125
1.075357437133789
0.4374580383300781
0.1839885711669922
0.9682092666625977
0.8683700561523438
0.4795103073120117
0.28109169006347656
0.5756301879882812
0.29274940490722656
0.2851133346557617
0.2472362518310547
0.2776346206665039
0.6357498168945312
0.6384658813476562
0.45266246795654297
0.7098989486694336
1.0902738571166992
1.2776165008544922
0.22613239288330078
1.0453081130981445
0.48305511474609375
0.34977054595947266
0.7700347900390625
0.3088417053222656
0.7397117614746094
1.015756607055664
0.2933626174926758
0.8520221710205078
0.7097797393798828
0.47295570373535156
0.4610309600830078
0.622075080871582
0.9300251007080078
0.6491689682006836
0.6195182800292969
0.5642108917236328
0.770298957824707
0.8572864532470703
0.252899169921875
0.5147237777709961
0.41062259674072266
0.6938352584838867
0.8888959884643555
0.5062589645385742
0.7856206893920898
0.6289548873901367
0.6806344985961914
0.6888666152954102
0.9765806198120117
0.5910940170288086
0.7377719879150391
0.46886634826660156
0.2498645782470703
0.5502510070800781
0.3088245391845703
0.8720703125
0.8193216323852539
0.5439023971557617
0.2432718276977539
0.6750764846801758
0.7021503448486328
0.2732057571411133
0.5147428512573242
0.8994836807250977
0.6286983489990234
0.2551736831665039
0.9568452835083008
0.9904088973999023
0.6639423370361328
0.32495594024658203
0.3452587127685547
0.8471336364746094
0.7165899276733398
0.7692852020263672
0.02154541015625
0.40047645568847656
0.2194194793701172
0.25652503967285156
0.43030738830566406
0.14698219299316406
0.5222654342651367
0.3818845748901367
0.4948444366455078
0.8109598159790039
0.6055154800415039
0.19764041900634766
0.4794435501098633
0.4374122619628906
0.7753686904907227
0.6579446792602539
1.0022459030151367
0.6340999603271484
0.6055021286010742
0.4542226791381836
0.6608829498291016
0.2739543914794922
0.6673011779785156
0.804656982421875
0.2743806838989258
0.6785268783569336
0.8094692230224609
0.887873649597168
0.46724414825439453
0.6241436004638672
0.9196691513061523
0.4656515121459961
0.41881561279296875
0.5516996383666992
0.7916107177734375
0.17978763580322266
0.41586780548095703
0.1705341339111328
0.566680908203125
0.3297595977783203
0.5349397659301758
0.4169502258300781
0.7532100677490234
0.7596054077148438
0.18430137634277344
0.646061897277832
0.5462226867675781
0.8016576766967773
0.5780029296875
0.2534828186035156
0.31147003173828125
0.5378866195678711
0.11322975158691406
0.04451274871826172
0.63543701171875
0.638153076171875
0.13051509857177734
0.38775157928466797
0.7681264877319336
0.9554691314697266
0.5482797622680664
0.7231607437133789
0.16090774536132812
0.3494577407836914
0.4478874206542969
0.09609603881835938
0.7393989562988281
0.6936092376708984
0.29304981231689453
0.5298748016357422
0.3876323699951172
0.26432228088378906
0.46134376525878906
0.35610485076904297
0.6078777313232422
0.32702159881591797
0.5057048797607422
0.3115425109863281
0.7699861526489258
0.5351390838623047
0.25258636474609375
0.2237405776977539
0.12639713287353516
0.6935224533081055
0.8885831832885742
0.3253774642944336
0.4634733200073242
0.37555789947509766
0.38846492767333984
0.36671924591064453
0.6544332504272461
0.5914068222045898
0.41562461853027344
0.4113903045654297
0.25017738342285156
0.5505638122558594
0.6309719085693359
0.8717575073242188
0.8190088272094727
0.544215202331543
0.5453596115112305
0.618708610534668
0.3800029754638672
0.27351856231689453
0.23790836334228516
0.577336311340332
0.6290111541748047
0.25486087799072266
0.9565324783325195
0.6682615280151367
0.3925647735595703
0.3252687454223633
0.34494590759277344
0.8468208312988281
0.7162771224975586
0.3221473693847656
0.7610492706298828
0.3974418640136719
0.40871238708496094
0.4315452575683594
0.6755123138427734
0.43854331970214844
0.2720050811767578
0.9412527084350586
0.729771614074707
0.5716400146484375
1.2299470901489258
0.6393156051635742
0.32111454010009766
0.48767948150634766
0.8563995361328125
0.7671327590942383
1.0769319534301758
1.4212331771850586
0.6423358917236328
1.024489402770996
0.8141145706176758
0.6691188812255859
0.5423393249511719
1.0862884521484375
0.7964210510253906
0.28261661529541016
1.0975141525268555
1.2284564971923828
0.8796377182006836
0.45900821685791016
1.043130874633789
1.3386564254760742
0.884638786315918
0.5589351654052734
0.5599355697631836
0.7998466491699219
0.4619474411010742
0.4241037368774414
0.24845314025878906
0.6904773712158203
0.7487468719482422
0.22615909576416016
0.4251861572265625
0.7449741363525391
0.7678413391113281
0.23468589782714844
0.6378259658813477
0.5379867553710938
0.8098936080932617
0.6997661590576172
0.31015968322753906
0.3197059631347656
0.7037878036499023
0.5322170257568359
0.4030160903930664
1.0544242858886719
1.0571403503417969
0.39595699310302734
0.3795156478881836
0.7598905563354492
0.9472332000732422
0.5565156936645508
0.7149248123168945
0.45046424865722656
0.7684450149536133
0.6846885681152344
0.5150833129882812
1.15838623046875
0.6853733062744141
0.7120370864868164
0.6143054962158203
0.6842498779296875
0.1546649932861328
0.16011619567871094
0.29169178009033203
0.5996417999267578
0.6615571975708008
0.2891349792480469
0.2338275909423828
1.1889734268188477
0.6762905120849609
0.6715736389160156
0.6427278518676758
0.545384407043457
1.1125097274780273
1.307570457458496
0.7443647384643555
0.45523738861083984
0.7945451736450195
0.3502511978149414
0.5781335830688477
0.6461973190307617
0.17241954803466797
0.5146560668945312
0.8303775787353516
0.1688098907470703
0.1315765380859375
0.6392078399658203
1.2907447814941406
1.2379961013793945
0.2076883316040039
0.6619462966918945
1.0376958847045898
0.39771461486816406
0.20547962188720703
0.656895637512207
0.5691003799438477
0.2100238800048828
0.6738481521606445
1.3755197525024414
0.6600255966186523
0.8115520477294922
0.19792842864990234
0.7639331817626953
1.26580810546875
1.1352643966674805
0.4186744689941406
0.4189872741699219
0.4686145782470703
0.7310295104980469
0.8413982391357422
0.6969261169433594
0.4529590606689453
0.9647998809814453
0.8564662933349609
0.929692268371582
0.8228063583374023
0.5568313598632812
0.2939138412475586
1.0464372634887695
0.8073568344116211
0.9203653335571289
0.47490882873535156
0.7259721755981445
0.5235204696655273
0.29276180267333984
1.075021743774414
0.21647357940673828
0.8951444625854492
1.1018047332763672
0.7148761749267578
0.04218292236328125
0.6838150024414062
0.9617624282836914
0.2693033218383789
0.6618175506591797
0.44695186614990234
0.8358964920043945
0.7567882537841797
0.48723316192626953
0.28452014923095703
0.5695362091064453
0.9926214218139648
1.2325325012207031
0.6665239334106445
0.8567895889282227
0.8800182342529297
1.0076026916503906
0.5952377319335938
1.2444238662719727
0.8578720092773438
0.6342697143554688
1.2005271911621094
0.8937854766845703
0.5695390701293945
0.7374000549316406
1.242579460144043
1.0189247131347656
0.8183116912841797
1.0025463104248047
0.9788084030151367
0.5962543487548828
0.7254552841186523
0.8377914428710938
0.4935169219970703
0.7325143814086914
0.8105039596557617
0.5962629318237305
0.5145473480224609
0.989201545715332
0.6978769302368164
0.6780071258544922
0.5524911880493164
0.4437828063964844
0.6133880615234375
0.7385654449462891
0.7406730651855469
0.6769475936889648
0.5141658782958984
0.44422149658203125
0.9738063812255859
1.170827865600586
1.0655889511108398
0.7179832458496094
0.46691417694091797
1.215188980102539
1.021026611328125
0.22792339324951172
0.4521808624267578
0.6049442291259766
0.48574352264404297
0.5830869674682617
0.5231046676635742
0.5294828414916992
0.3841066360473633
1.0166006088256836
0.3339262008666992
1.0979490280151367
0.5503377914428711
0.7237138748168945
1.3008909225463867
0.6138153076171875
0.2980937957763672
0.9596614837646484
1.2600479125976562
1.0718936920166016
0.16227340698242188
0.21826839447021484
1.2536993026733398
0.9862813949584961
0.0907754898071289
0.7307567596435547
0.9830026626586914
0.4715757369995117
0.7346067428588867
1.3384952545166016
0.6841840744018555
0.24704837799072266
0.6713342666625977
0.31691932678222656
1.0347528457641602
0.6094970703125
0.4091930389404297
0.3811311721801758
0.7630691528320312
0.7094841003417969
1.1284713745117188
0.5656766891479492
0.30565357208251953
0.6040849685668945
0.42302799224853516
0.02758312225341797
0.633915901184082
0.4310903549194336
0.6923789978027344
0.5854930877685547
0.29123592376708984
0.5268516540527344
0.8091239929199219
0.38198089599609375
0.6830520629882812
0.2375955581665039
0.5717601776123047
0.3738365173339844
0.7181377410888672
0.8377084732055664
0.3213939666748047
0.6578311920166016
0.8644914627075195
0.47756290435791016
0.3831930160522461
0.601048469543457
0.5363864898681641
0.39441871643066406
0.5253610610961914
0.68426513671875
0.4105205535888672
0.519474983215332
0.6355609893798828
0.18154335021972656
0.21520709991455078
0.7553081512451172
0.9952192306518555
0.2411479949951172
0.619476318359375
0.45464229583740234
0.770289421081543
0.3579244613647461
0.8190479278564453
0.6205587387084961
0.5496015548706055
0.9632139205932617
0.46840953826904297
0.44245338439941406
0.34261417388916016
1.0052661895751953
0.781611442565918
0.39293575286865234
0.5771703720092773
0.7414951324462891
0.2785196304321289
0.300079345703125
0.6004781723022461
0.35404491424560547
0.30713844299316406
0.3851280212402344
0.5645179748535156
0.7518606185913086
0.7518882751464844
0.5195522308349609
0.25263118743896484
0.31517791748046875
0.2442789077758789
0.21691417694091797
0.5012521743774414
0.49000072479248047
0.4396343231201172
0.3262662887573242
0.18402385711669922
0.5484304428100586
0.7454519271850586
0.6402130126953125
0.4042692184448242
0.1234130859375
0.7898130416870117
0.5956506729125977
0.48587799072265625
0.3315305709838867
0.3676309585571289
0.060367584228515625
0.15771102905273438
0.40941429138183594
0.6044750213623047
0.04126930236816406
0.5912246704101562
0.10319900512695312
0.6725730895996094
0.16311073303222656
0.4508247375488281
0.8755149841308594
0.21201610565185547
0.12728214263916016
0.5342855453491211
0.8346719741821289
0.8345804214477539
0.5876493453979492
0.5349006652832031
0.8283233642578125
0.7489681243896484
0.33460044860839844
0.30538082122802734
0.5576267242431641
0.046199798583984375
0.37372779846191406
0.9131193161010742
0.4468708038330078
0.67242431640625
0.46465301513671875
0.13818645477294922
0.6093769073486328
0.37218379974365234
0.5627126693725586
0.43216896057128906
0.5257558822631836
0.28410816192626953
0.7030954360961914
0.42537593841552734
0.8236904144287109
0.09181976318359375
0.3460712432861328
0.16501426696777344
0.3698902130126953
0.3759021759033203
0.03361701965332031
0.6356306076049805
0.4241495132446289
0.5492496490478516
0.9243249893188477
0.5511102676391602
0.2520456314086914
0.42503833770751953
0.5507774353027344
0.8297739028930664
0.7713098526000977
1.1156110763549805
0.5796947479248047
0.718867301940918
0.5084924697875977
0.6064777374267578
0.23671722412109375
0.7806663513183594
0.8590621948242188
0.21997547149658203
0.7918920516967773
0.9228343963623047
0.9422788619995117
0.5216493606567383
0.7375087738037109
1.033034324645996
0.5790166854858398
0.4732208251953125
0.49729442596435547
0.7372055053710938
0.2341928482055664
0.3614625930786133
0.071441650390625
0.5122756958007812
0.44312477111816406
0.42157459259033203
0.3625450134277344
0.8076152801513672
0.7052001953125
0.09716987609863281
0.7004671096801758
0.6006278991699219
0.7472524642944336
0.5235977172851562
0.3078880310058594
0.2570648193359375
0.48348140716552734
0.2265949249267578
0.09739398956298828
0.7488021850585938
0.7515182495117188
0.1849203109741211
0.4421567916870117
0.8225317001342773
1.0098743438720703
0.49387454986572266
0.7775659561157227
0.21531295776367188
0.46282291412353516
0.5022926330566406
0.20946121215820312
0.8527641296386719
0.7480144500732422
0.4064149856567383
0.5842800140380859
0.44203758239746094
0.2052135467529297
0.3479785919189453
0.35433292388916016
0.6622829437255859
0.3814268112182617
0.39233970642089844
0.29646873474121094
0.8833513259887695
0.5895442962646484
0.3659515380859375
0.33710575103759766
0.2397623062133789
0.8068876266479492
1.001948356628418
0.43874263763427734
0.517878532409668
0.4889230728149414
0.41289234161376953
0.4211244583129883
0.7088384628295898
0.4780416488647461
0.4700298309326172
0.5247554779052734
0.1368122100830078
0.4371986389160156
0.5765666961669922
0.9851226806640625
0.9323740005493164
0.4308500289916992
0.4909543991088867
0.7320737838745117
0.43440818786621094
0.16015338897705078
0.3512735366821289
0.6317415237426758
0.5156459808349609
0.3682260513305664
1.0698976516723633
0.7226667404174805
0.5059299468994141
0.21190357208251953
0.4583110809326172
0.9601860046386719
0.8296422958374023
0.2677421569824219
0.11336517333984375
0.3056221008300781
0.8228492736816406
0.3974733352661133
0.44472599029541016
0.701319694519043
0.7646379470825195
0.6672163009643555
0.4232492446899414
0.9350900650024414
0.826756477355957
0.8133296966552734
0.7064437866210938
0.5271215438842773
0.17755126953125
0.9300746917724609
0.7776470184326172
0.8040027618408203
0.35854625701904297
0.6962623596191406
0.40715789794921875
0.32247161865234375
0.9586591720581055
0.10011100769042969
0.7787818908691406
0.9854421615600586
0.5985136032104492
0.09607791900634766
0.6541051864624023
0.9320526123046875
0.1529407501220703
0.5454549789428711
0.5633144378662109
0.8061866760253906
0.6404256820678711
0.37087059020996094
0.21412277221679688
0.5398263931274414
0.8762588500976562
1.1161699295043945
0.6368141174316406
0.7739181518554688
0.8503084182739258
0.891240119934082
0.47887516021728516
1.2147140502929688
0.7415094375610352
0.6045598983764648
1.0841646194458008
0.8640756607055664
0.5398292541503906
0.7076902389526367
1.1262168884277344
0.902562141418457
0.7886018753051758
0.9728364944458008
0.8624458312988281
0.5665445327758789
0.6957454681396484
0.7214288711547852
0.3771543502807617
0.7028045654296875
0.7807941436767578
0.5665531158447266
0.6309099197387695
0.8728389739990234
0.6681671142578125
0.6482973098754883
0.4361286163330078
0.41407299041748047
0.5836782455444336
0.6222028732299805
0.710963249206543
0.5605850219726562
0.48445606231689453
0.41451168060302734
0.944096565246582
1.141118049621582
1.035879135131836
0.6882734298706055
0.43720436096191406
1.1854791641235352
0.9913167953491211
0.11156082153320312
0.4224710464477539
0.48858165740966797
0.45603370666503906
0.5533771514892578
0.4067420959472656
0.4131202697753906
0.3543968200683594
0.9868907928466797
0.3042163848876953
1.0682392120361328
0.5206279754638672
0.6940040588378906
1.2711811065673828
0.5841054916381836
0.2683839797973633
0.9299516677856445
1.2303380966186523
0.955531120300293
0.19198322296142578
0.1392345428466797
1.223989486694336
0.8699188232421875
0.061065673828125
0.7010469436645508
0.9532928466796875
0.4418659210205078
0.7048969268798828
1.3087854385375977
0.5678215026855469
0.27675819396972656
0.6416244506835938
0.28720951080322266
1.0050430297851562
0.4931344985961914
0.2928304672241211
0.2647686004638672
0.6800870895385742
0.679774284362793
1.0987615585327148
0.1163625717163086
0.39566612243652344
0.7931394577026367
0.7261934280395508
0.5486021041870117
0.6119203567504883
0.5144987106323242
0.27053165435791016
0.7823724746704102
0.6740388870239258
0.5318622589111328
0.4249763488769531
0.4517526626586914
0.2839031219482422
0.6486072540283203
0.6249294281005859
0.6197929382324219
0.0896444320678711
0.7322769165039062
0.1308879852294922
0.475189208984375
0.6771917343139648
0.18135643005371094
0.497314453125
0.703974723815918
0.4037046432495117
0.3775453567504883
0.7615652084350586
0.7793350219726562
0.15147018432617188
0.2824125289916992
0.8447818756103516
0.6534690856933594
0.35895824432373047
0.3926124572753906
0.11330986022949219
0.38710880279541016
0.632476806640625
0.8347024917602539
0.4840965270996094
0.6212005615234375
0.6975908279418945
0.6097726821899414
0.19740772247314453
1.0619964599609375
0.5317277908325195
0.710118293762207
0.8026971817016602
0.7113580703735352
0.6029701232910156
0.5549726486206055
0.8447494506835938
0.6210947036743164
0.6358842849731445
0.8201189041137695
0.5809783935546875
0.41382694244384766
0.5430278778076172
0.43996143341064453
0.11109638214111328
0.5500869750976562
0.6280765533447266
0.7250347137451172
0.9123773574829102
0.5913715362548828
0.6800689697265625
0.49557971954345703
0.1775989532470703
0.40479564666748047
0.43096065521240234
0.34073543548583984
0.650517463684082
0.2791175842285156
0.4867830276489258
0.3445405960083008
0.7913789749145508
0.9884004592895508
0.8831615447998047
0.5647859573364258
0.2844867706298828
1.032761573791504
0.8385992050170898
0.24292945861816406
0.4920473098754883
0.27447032928466797
0.3033161163330078
0.40065956115722656
0.16646575927734375
0.3615264892578125
0.20167922973632812
0.8341732025146484
0.2637157440185547
0.9155216217041016
0.36791038513183594
0.6113414764404297
1.1184635162353516
0.43138790130615234
0.11566638946533203
0.7772340774536133
1.077620506286621
0.6740636825561523
0.3759641647338867
0.29195213317871094
1.0712718963623047
0.5884513854980469
0.30983734130859375
0.5483293533325195
0.8005752563476562
0.28914833068847656
0.5521793365478516
1.1560678482055664
0.28635406494140625
0.4294757843017578
0.6251697540283203
0.2987031936645508
0.852325439453125
0.21166706085205078
0.3197641372680664
0.18922042846679688
0.527369499206543
0.5270566940307617
0.9460439682006836
0.3978300094604492
0.2429485321044922
0.6404218673706055
0.2814674377441406
0.8473176956176758
1.1097326278686523
1.173050880432129
1.0756292343139648
0.8316621780395508
1.3435029983520508
1.2351694107055664
0.5933094024658203
0.7774028778076172
0.9355344772338867
0.27722740173339844
0.86785888671875
1.1860599517822266
1.1809234619140625
0.6507749557495117
1.10467529296875
0.43024253845214844
0.08649063110351562
0.8845643997192383
0.4826850891113281
0.6930599212646484
0.9809694290161133
0.9648351669311523
0.4208860397338867
1.0625181198120117
1.3404655456542969
0.40966033935546875
0.32543468475341797
0.7833347320556641
1.214599609375
0.46404361724853516
0.16851806640625
0.6225357055664062
0.9482393264770508
1.1936073303222656
0.9834299087524414
1.04522705078125
1.1823310852050781
1.2587213516235352
0.8166971206665039
0.758427619934082
1.6231269836425781
1.0928583145141602
1.0129728317260742
0.8641443252563477
1.2724885940551758
0.9482421875
1.116103172302246
0.9191246032714844
0.807408332824707
1.1970148086547852
1.3812494277954102
0.8033866882324219
0.9749574661254883
1.1041584014892578
0.501408576965332
0.45003414154052734
1.1112174987792969
1.1892070770263672
0.9749660491943359
0.8922090530395508
1.0413322448730469
1.0765800476074219
1.0567102432250977
0.7387294769287109
0.8224859237670898
0.992091178894043
0.40218257904052734
1.1193761825561523
0.7951374053955078
0.8928689956665039
0.8229246139526367
1.3525094985961914
1.5495309829711914
1.4442920684814453
1.0966863632202148
0.8456172943115234
1.5938920974731445
1.3997297286987305
0.31820106506347656
0.8308839797973633
0.8356008529663086
0.8644466400146484
0.9617900848388672
0.3946647644042969
0.19960403442382812
0.7628097534179688
1.395303726196289
0.7126293182373047
1.4766521453857422
0.9290409088134766
1.1024169921875
1.6795940399169922
0.992518424987793
0.6767969131469727
1.338364601135254
1.6387510299682617
0.9181852340698242
0.3145170211791992
0.2691783905029297
1.6324024200439453
0.8452281951904297
0.4694786071777344
1.1094598770141602
1.3617057800292969
0.8502788543701172
1.1133098602294922
1.717198371887207
0.8333263397216797
0.14702415466308594
1.0500373840332031
0.695622444152832
1.4134559631347656
0.7432413101196289
0.24136638641357422
0.37191009521484375
1.0885000228881836
1.0881872177124023
1.5071744918823242
0.37870311737060547
0.8040790557861328
1.201552391052246
0.4084129333496094
0.5611305236816406
0.6957845687866211
0.43336963653564453
0.6939058303833008
0.5128488540649414
0.7114400863647461
0.7237367630004883
0.32005786895751953
0.9771804809570312
0.7656993865966797
0.6075677871704102
1.2658748626708984
0.8989448547363281
0.3570423126220703
0.7728729248046875
0.8923273086547852
0.48193931579589844
1.1128597259521484
1.4571609497070312
0.9275293350219727
1.0604171752929688
0.8500423431396484
0.9543123245239258
0.5782670974731445
1.1222162246704102
0.5112276077270508
0.56781005859375
1.1334419250488281
1.2643842697143555
0.8619213104248047
0.3285026550292969
1.0790586471557617
1.3745841979980469
0.9205665588378906
0.5948629379272461
0.8451290130615234
1.0850400924682617
0.4978752136230469
0.7092971801757812
0.2843809127807617
0.8601102828979492
0.7846746444702148
0.08002471923828125
0.7103796005249023
0.5301294326782227
1.053034782409668
0.4450044631958008
0.5948600769042969
0.4269990921020508
1.0950870513916016
0.8714323043823242
0.3460874557495117
0.6048994064331055
0.8313159942626953
0.5681447982788086
0.43894386291503906
1.0903520584106445
1.0930681228637695
0.431884765625
0.3538951873779297
0.5681362152099609
0.6620397567749023
0.8417091369628906
0.466522216796875
0.4863920211791992
0.8043727874755859
0.720616340637207
0.5510110855102539
1.1943140029907227
0.42372608184814453
0.7479648590087891
0.650233268737793
0.7201776504516602
0.19059276580810547
0.4453096389770508
0.09881019592285156
0.44641590118408203
0.6974849700927734
0.050789833068847656
0.1433725357055664
1.2249011993408203
0.7122182846069336
0.7075014114379883
0.6786556243896484
0.5813121795654297
1.1484375
1.3434982299804688
0.7802925109863281
0.1700439453125
0.8304729461669922
0.06645011901855469
0.6140613555908203
0.4406852722167969
0.2825279235839844
0.5505838394165039
0.8663053512573242
0.40088367462158203
0.3240518569946289
0.9244012832641602
1.3266725540161133
1.2739238739013672
0.08930015563964844
0.8387889862060547
1.0736236572265625
0.4336423873901367
0.4906730651855469
0.6928234100341797
0.4297924041748047
0.2843294143676758
0.7097759246826172
1.411447525024414
0.49306488037109375
0.8474798202514648
0.4831218719482422
0.799860954284668
1.3017358779907227
1.1711921691894531
0.6155767440795898
0.45491504669189453
0.28519344329833984
1.1643991470336914
0.7390232086181641
0.34783458709716797
1.1346893310546875
0.9819717407226562
1.5431022644042969
0.4327201843261719
0.6161880493164062
1.0016918182373047
0.8206348419189453
0.4483757019042969
1.0315227508544922
0.6278438568115234
1.0899858474731445
0.9830999374389648
0.34450340270996094
1.0028104782104492
1.206730842590332
0.40357494354248047
1.0806589126586914
0.6352024078369141
0.17536258697509766
0.8497953414916992
1.194096565246582
1.2353153228759766
0.7973527908325195
1.0554380416870117
1.2620983123779297
0.8751697540283203
0.8591518402099609
0.21751976013183594
0.8755960464477539
0.8703775405883789
1.0013198852539062
0.5988569259643555
0.1339712142944336
0.9170818328857422
1.1115198135375977
0.6575021743774414
0.3317985534667969
1.1529150009155273
1.3928260803222656
0.42142772674560547
1.0170831680297852
0.5841789245605469
1.1678962707519531
0.7555313110351562
0.3668203353881836
1.0181655883789062
0.26706504821777344
1.3608207702636719
0.7527904510498047
0.33179569244384766
0.16393470764160156
1.4028730392456055
1.1792182922363281
0.3477325439453125
0.9126853942871094
1.1391019821166992
0.6761264801025391
0.6457281112670898
0.9980850219726562
0.8300037384033203
0.4707002639770508
0.21346378326416016
0.3050718307495117
0.3878288269042969
1.1494951248168945
0.20345783233642578
0.4403076171875
0.7127847671508789
0.4575519561767578
0.6145210266113281
0.9312496185302734
0.1606616973876953
0.8372411727905273
0.38716888427734375
0.45711326599121094
0.4504070281982422
0.7530956268310547
0.3012876510620117
0.1833515167236328
0.4344205856323242
0.3138542175292969
0.35915184020996094
0.9618368148803711
0.4491539001464844
0.7652378082275391
0.4155912399291992
0.5127401351928711
0.8853731155395508
1.0804338455200195
0.5172281265258789
0.1377420425415039
0.567408561706543
0.24272823333740234
0.3509969711303711
0.17762088775634766
0.5903139114379883
0.2875194549560547
0.603240966796875
0.7086696624755859
0.6318378448486328
1.232187271118164
1.063608169555664
1.010859489440918
0.38529109954833984
1.1465749740600586
0.8105592727661133
0.22121238708496094
0.7984590530395508
0.42975902557373047
0.16672801971435547
0.5921154022216797
0.844477653503418
1.1483831405639648
0.23000049591064453
0.5844154357910156
0.7909078598022461
0.7697906494140625
1.0386714935302734
0.9081277847290039
0.9233627319335938
0.6012153625488281
0.5929794311523438
0.9013347625732422
0.47595882415771484
0.6556205749511719
0.8716249465942383
0.718907356262207
1.2800378799438477
0.3077859878540039
1.0450859069824219
0.32299041748046875
0.2596721649169922
0.35709381103515625
0.6010608673095703
0.15450668334960938
0.24917221069335938
0.8668012619018555
0.6553201675415039
0.7706451416015625
1.1554956436157227
0.5648641586303711
0.47344112396240234
0.2517995834350586
0.7819480895996094
1.0511693954467773
1.0024805068969727
1.3467817306518555
0.5481586456298828
0.950037956237793
0.7396631240844727
0.4517536163330078
0.46788787841796875
1.0118370056152344
1.0804576873779297
0.09225749969482422
1.0230627059936523
1.1540050506591797
1.1636743545532227
0.7430448532104492
0.9686794281005859
1.264204978942871
0.8101873397827148
0.6946163177490234
0.27589893341064453
0.5158100128173828
0.45558834075927734
0.25039196014404297
0.29283714294433594
0.6160259246826172
0.6742954254150391
0.5101957321166992
0.33986473083496094
1.0290107727050781
0.5982704162597656
0.1602344512939453
0.9218626022338867
0.8220233917236328
0.5258569717407227
0.6253147125244141
0.5292835235595703
0.05147361755371094
0.6293363571166992
0.4577655792236328
0.3285646438598633
0.9799728393554688
0.9826889038085938
0.40631580352783203
0.6635522842407227
1.0439271926879883
1.2312698364257812
0.3913908004760742
0.9989614486694336
0.4367084503173828
0.6939935684204102
0.7236881256103516
0.4406318664550781
1.0839347839355469
0.9694099426269531
0.6375856399536133
0.8056755065917969
0.6634330749511719
0.4266090393066406
0.12392044067382812
0.5757284164428711
0.8836784362792969
0.6028223037719727
0.5731716156005859
0.5178642272949219
1.1145219802856445
0.8109397888183594
0.5971221923828125
0.5682764053344727
0.4709329605102539
1.0380582809448242
1.233119010925293
0.6699132919311523
0.7392740249633789
0.7200937271118164
0.6342878341674805
0.6425199508666992
0.9302339553833008
0.28670215606689453
0.6914253234863281
0.7559261322021484
0.16834640502929688
0.24517822265625
0.5145378112792969
1.2162933349609375
1.1635446548461914
0.49172496795654297
0.5874948501586914
0.9632444381713867
0.6558036804199219
0.07855701446533203
0.5824441909790039
0.8531370162963867
0.2849006652832031
0.5993967056274414
1.3010683059692383
0.9440622329711914
0.7371006011962891
0.08610820770263672
0.6894817352294922
1.1913566589355469
1.0608129501342773
0.3442230224609375
0.34453582763671875
0.28403663635253906
1.0540199279785156
0.6286439895629883
0.231170654296875
1.0243101119995117
0.8715925216674805
1.432723045349121
0.5692300796508789
0.8770160675048828
