dense 128 0 none 8128 2
0.4026581048965454
0.6528022885322571
1.0212846994400024
0.40742480754852295
0.17259113490581512
0.9483886361122131
0.37118321657180786
0.6441483497619629
0.42211663722991943
0.5416701436042786
0.40110111236572266
0.8023589253425598
0.41007569432258606
0.798760712146759
0.4661129415035248
0.13604553043842316
0.5339515805244446
0.520861029624939
0.5164346098899841
0.30187657475471497
0.2827232778072357
0.604249894618988
0.7120567560195923
0.6512405872344971
0.5547657012939453
0.310463547706604
0.776569664478302
0.5836262106895447
0.34180948138237
0.3663574457168579
0.745323121547699
0.22595909237861633
0.3267081677913666
0.6696088314056396
0.39764878153800964
0.34910473227500916
0.08751111477613449
0.3432992398738861
0.7385087609291077
0.3820050358772278
0.4520930349826813
0.46295449137687683
0.2185182273387909
0.664047122001648
0.3683775067329407
0.6748497486114502
0.9711390733718872
0.26649126410484314
0.858889639377594
0.32780900597572327
0.587648332118988
0.5698488354682922
0.43402373790740967
0.6351168155670166
0.7610194683074951
0.48720043897628784
0.8333871364593506
0.1984126716852188
0.7522587180137634
0.22456564009189606
0.3697929382324219
0.3667188286781311
0.48280298709869385
0.5469502210617065
0.5746928453445435
0.2224595993757248
0.7661524415016174
0.90027916431427
0.6539309620857239
0.7422430515289307
0.4249970614910126
0.8713192939758301
0.7233188152313232
0.18822930753231049
0.5365993976593018
0.8334664702415466
0.39608946442604065
0.5280462503433228
0.546272873878479
0.8441859483718872
0.27882081270217896
0.7379273176193237
0.20004230737686157
0.5022177696228027
0.4460780620574951
0.37243327498435974
0.5171781778335571
0.6319906711578369
0.1300417184829712
0.1372913122177124
0.3938378095626831
0.4445265233516693
0.5357685685157776
0.663728654384613
0.3861502707004547
0.25082623958587646
0.6866751313209534
0.45146968960762024
0.180619016289711
0.1699889451265335
0.495088130235672
0.5055652260780334
0.4706639051437378
0.3670158088207245
0.4035005271434784
0.07750937342643738
0.3391828238964081
0.7302846312522888
0.370096355676651
0.436509907245636
0.46428602933883667
0.2120465636253357
0.6457698941230774
0.3504786193370819
0.01845601573586464
0.7475147247314453
0.5637882351875305
0.815586268901825
0.6182137727737427
0.4766385853290558
0.25464293360710144
0.15037274360656738
0.8896021842956543
0.22351671755313873
0.5380963087081909
0.6526029109954834
0.3884790241718292
0.6653264760971069
0.32047516107559204
0.193068265914917
0.8649954795837402
0.708297848701477
0.8500868678092957
0.7355335354804993
0.48474839329719543
0.1888650506734848
0.2434559464454651
0.4394725263118744
0.6059994101524353
0.34286820888519287
0.20493534207344055
0.520463228225708
0.25908327102661133
0.36295297741889954
0.15298065543174744
0.30149900913238525
0.5317057967185974
0.4094047248363495
0.5331899523735046
0.40491995215415955
0.2020299732685089
0.28334546089172363
0.34125080704689026
0.4673212170600891
0.7628785371780396
0.7877912521362305
0.8388074636459351
0.7451029419898987
0.377736896276474
0.45207923650741577
1.0357052087783813
0.809118390083313
0.4600200355052948
0.947704017162323
0.7252534031867981
1.1700778007507324
0.8447456359863281
0.897091805934906
0.47456681728363037
0.6273461580276489
0.6967138051986694
0.5104180574417114
0.8370265364646912
0.7370458841323853
0.899873673915863
0.7465758323669434
0.3330511450767517
0.4694015085697174
1.0473886728286743
0.8485788106918335
0.5178986191749573
0.9183037281036377
0.6975141167640686
1.16971755027771
0.8243339657783508
0.9207524657249451
0.5304712057113647
0.6962016224861145
0.7247130870819092
0.09680618345737457
0.3541596531867981
0.7122736573219299
0.3090301752090454
0.6458118557929993
0.17487230896949768
0.3004092276096344
0.23371361196041107
0.4813476800918579
0.4572865068912506
0.44157901406288147
0.3409566581249237
0.13357262313365936
0.5715295672416687
0.22554853558540344
0.4192754626274109
0.43106862902641296
0.5816302299499512
0.30837634205818176
0.6208715438842773
0.6060835123062134
0.23853501677513123
0.4877357482910156
0.7823854088783264
0.5663413405418396
0.5921542048454285
0.42035508155822754
0.29800307750701904
0.8425098061561584
0.5658441781997681
0.19873104989528656
0.8659916520118713
0.6554276347160339
1.001128911972046
0.743772566318512
0.6821869015693665
0.21597810089588165
0.3515949249267578
0.4818613827228546
0.2759941518306732
0.3503393232822418
0.5260413885116577
0.6958937644958496
1.052769422531128
0.06706426292657852
0.9703745245933533
0.4338279962539673
0.4748203158378601
0.5671392679214478
0.6343675255775452
0.760382354259491
0.7826406955718994
0.223802849650383
0.21966928243637085
0.6189011335372925
0.2660083472728729
0.6651319265365601
0.7733217477798462
0.9256556034088135
0.6276565790176392
0.8524919152259827
0.8032337427139282
0.34458696842193604
0.8374863862991333
0.7046124935150146
0.7326972484588623
0.801581084728241
0.5630791187286377
0.45374512672424316
0.9180670976638794
0.7055229544639587
0.15176723897457123
0.39848676323890686
0.7523621320724487
0.5747968554496765
0.634499728679657
0.23920617997646332
0.522857129573822
0.2601698040962219
0.7339193820953369
0.7166491746902466
0.4621083438396454
1.154909610748291
1.1742863655090332
0.6274871826171875
0.9419081211090088
0.7822151184082031
0.22641080617904663
0.21056318283081055
0.811747670173645
0.18153628706932068
0.43691349029541016
0.6224068999290466
0.34245556592941284
0.5508496165275574
0.20812903344631195
0.20463348925113678
0.7646970152854919
0.62287437915802
0.7354918718338013
0.6365372538566589
0.37032753229141235
0.1910480558872223
0.11459745466709137
0.2343786507844925
0.6645551919937134
0.7214431762695312
0.5029744505882263
0.39781051874160767
0.8423319458961487
0.606242835521698
0.4050668776035309
0.36486777663230896
0.8044328689575195
0.20422618091106415
0.38292303681373596
0.7394677996635437
0.4669136106967926
0.3506215512752533
0.06986107677221298
0.4235980212688446
0.6786066293716431
0.6061462759971619
0.5383512377738953
0.5659379959106445
0.18488729000091553
0.4063005745410919
0.3478424847126007
0.22183024883270264
0.871878445148468
0.9141392707824707
0.5224695205688477
0.6222614645957947
0.8161526322364807
0.3723944425582886
0.2435150295495987
0.6953396797180176
0.8723717331886292
0.5495955944061279
0.7245154976844788
0.3378075957298279
0.7710533738136292
0.6395434737205505
0.18505330383777618
0.5061681270599365
0.7682013511657715
0.29616159200668335
0.4228699207305908
0.10589566826820374
0.2880629897117615
0.33859750628471375
0.7509036064147949
0.8060697913169861
0.4743296504020691
1.0804353952407837
1.075554609298706
0.47279223799705505
0.925593912601471
0.5168792009353638
0.2946067750453949
0.6924726963043213
0.5215368866920471
0.4864914119243622
0.4528936445713043
0.8108116984367371
0.2846987247467041
0.3916555941104889
0.7931709289550781
0.5318769216537476
0.2812581956386566
0.1454487293958664
0.5131620168685913
0.6553953289985657
0.6153458952903748
0.46429193019866943
0.5541231036186218
0.1507682055234909
0.49540975689888
0.4441474378108978
0.27442190051078796
0.9535410404205322
0.990585446357727
0.5499697923660278
0.7110570073127747
0.81462162733078
0.27995193004608154
0.3394513428211212
0.09639240801334381
0.46221575140953064
0.5493025779724121
0.5913876891136169
0.7350171804428101
0.42749324440956116
0.3410927355289459
0.7909877896308899
0.5598881244659424
0.13757872581481934
0.24296629428863525
0.5948910713195801
0.5460608005523682
0.5495936870574951
0.3180493712425232
0.46228256821632385
0.10842761397361755
0.5764609575271606
0.563042938709259
0.3087841868400574
1.0049841403961182
1.0291799306869507
0.5147020220756531
0.7856396436691284
0.7282482981681824
0.1577766388654709
0.4510877728462219
0.2265360951423645
0.32194259762763977
0.14625126123428345
0.351087361574173
0.7519593834877014
0.35360825061798096
0.7283754348754883
0.35861608386039734
0.10811063647270203
0.2181539237499237
0.6689674854278564
0.5805307030677795
0.42601680755615234
0.49529337882995605
0.27348533272743225
0.7639276385307312
0.4008730947971344
0.5844555497169495
0.4231582581996918
0.6055055856704712
0.4285672903060913
0.45365315675735474
0.42434823513031006
0.1925632655620575
0.4322201907634735
0.4129525423049927
0.8114249110221863
0.558868944644928
0.6500387787818909
0.664345383644104
0.6973947286605835
0.6872289180755615
0.2469790130853653
0.4609220623970032
0.8146781325340271
0.548452615737915
0.6095519661903381
0.4573211073875427
0.3212142586708069
0.8504327535629272
0.5625537633895874
0.1943446695804596
0.8908873796463013
0.6830034255981445
1.0129345655441284
0.7671590447425842
0.6862219572067261
0.21250130236148834
0.32971835136413574
0.4880233705043793
0.30220723152160645
0.3810603618621826
0.5522759556770325
0.03782292827963829
0.868815004825592
0.9449422359466553
0.3853840231895447
0.6162421107292175
0.9401639699935913
0.70701664686203
0.7878707647323608
0.4661710262298584
0.8535154461860657
0.9235841631889343
0.8056448101997375
0.7555546164512634
0.5437319278717041
1.0035512447357178
0.830184817314148
0.24944496154785156
0.577046811580658
0.9115608930587769
0.5482988357543945
0.6728056073188782
0.15228243172168732
0.5413795113563538
0.4192388355731964
0.8931944370269775
0.89752197265625
0.6114345192909241
1.2818125486373901
1.2892602682113647
0.7033196687698364
1.0918736457824707
0.7711813449859619
0.19449472427368164
0.7845959067344666
0.5600742101669312
0.2561757266521454
0.4710773229598999
0.33527353405952454
0.8954854607582092
1.0993677377700806
0.5079414248466492
0.6066094636917114
0.653648316860199
0.4529440402984619
0.2628256678581238
0.7197878956794739
0.5019877552986145
0.10751423239707947
0.24210037291049957
0.5629454851150513
0.4704549014568329
0.468222051858902
0.29450032114982605
0.381965696811676
0.07311501353979111
0.5445467829704285
0.5578588247299194
0.26455157995224
0.9521141052246094
0.9706330895423889
0.4374276101589203
0.7464054822921753
0.647731602191925
0.20365369319915771
0.4434202015399933
0.24911686778068542
0.27292612195014954
0.1934807151556015
0.08151483535766602
0.6145247220993042
0.7521826028823853
0.3489099442958832
0.5798150300979614
0.6472735404968262
0.706607460975647
0.48518094420433044
0.33255535364151
0.7934492826461792
0.577398419380188
0.08023349940776825
0.29215744137763977
0.6314496397972107
0.5037534236907959
0.5279611349105835
0.25886401534080505
0.4297753870487213
0.13636554777622223
0.6129991412162781
0.612452507019043
0.33650192618370056
1.0271086692810059
1.0461584329605103
0.5073869824409485
0.8179062604904175
0.6951345205307007
0.12813985347747803
0.4991612434387207
0.2826952040195465
0.2652825713157654
0.2054552584886551
0.05931800976395607
0.687587320804596
0.8224354982376099
0.28559911251068115
0.07555148750543594
0.0860823392868042
0.42096829414367676
0.691991925239563
0.4576852023601532
0.4484293758869171
0.39066576957702637
0.17454318702220917
0.6901513934135437
0.4212063252925873
0.0785861685872078
0.7399948835372925
0.5410621762275696
0.8505244851112366
0.6135647892951965
0.5302931070327759
0.08775566518306732
0.2710748016834259
0.3295019268989563
0.39178237318992615
0.44386932253837585
0.4077557623386383
0.15246331691741943
0.7403873205184937
0.7902690768241882
0.2778165340423584
0.48158180713653564
0.7775611877441406
0.5665890574455261
0.6345478892326355
0.3637499511241913
0.16267313063144684
0.9394746422767639
0.5940131545066833
0.6657629013061523
0.48466411232948303
0.08391819149255753
1.1048781871795654
0.22070488333702087
0.7241495251655579
0.8830134272575378
0.6169647574424744
0.7741333842277527
0.4347482919692993
0.42164188623428345
1.050227165222168
0.9163234233856201
0.9620285034179688
0.9241245985031128
0.601738691329956
0.41887542605400085
0.23050585389137268
0.5192170143127441
0.8247168064117432
0.9027855396270752
0.7959045767784119
0.5524464845657349
1.135830283164978
0.7821912169456482
0.2935152053833008
0.4236947000026703
0.9400937557220459
0.5051179528236389
0.6481600999832153
0.8347797393798828
0.5228886008262634
0.9754239320755005
0.6707120537757874
0.7056713700294495
0.4981883466243744
0.2655365765094757
0.6560440063476562
0.5343658328056335
0.6728401780128479
0.45539891719818115
0.16195060312747955
0.18330897390842438
0.7549701929092407
0.5782529711723328
0.3128681480884552
0.6607630848884583
0.4391562044620514
0.8798545598983765
0.5528659224510193
0.6327815651893616
0.317271888256073
0.5056905150413513
0.44239065051078796
0.2937069833278656
0.29245731234550476
0.32792627811431885
0.2606419026851654
0.593899667263031
0.8833663463592529
0.491944819688797
0.6467797756195068
0.7881286144256592
0.7146832346916199
0.7410138845443726
0.18097589910030365
0.2969498038291931
0.9970856308937073
0.6798127889633179
0.7553603649139404
0.23653975129127502
0.7343646287918091
0.09193981438875198
0.3538321554660797
0.7388117909431458
0.3966369032859802
0.4605449438095093
0.4553786814212799
0.2180408090353012
0.6770867705345154
0.3837471902370453
0.015748340636491776
0.7667770385742188
0.5777297616004944
0.845449686050415
0.6381157040596008
0.5090339779853821
0.03329187631607056
0.2040305882692337
0.3142698109149933
0.4446321725845337
0.5032473802566528
0.4443395435810089
0.1830434948205948
0.7839782238006592
0.7667239904403687
0.2199341207742691
0.4392443895339966
0.7790705561637878
0.5286283493041992
0.6093520522117615
0.42182105779647827
0.179242804646492
0.9249246120452881
0.5764936208724976
0.6453976631164551
0.06714104115962982
0.4311900734901428
0.303252637386322
0.07786586135625839
0.37426847219467163
0.6527268290519714
0.3501204252243042
0.32576802372932434
0.4487072229385376
0.16709651052951813
0.5342198610305786
0.264339804649353
0.13210196793079376
0.6438167095184326
0.47361186146736145
0.7016119360923767
0.5138328671455383
0.3698328733444214
0.11462446302175522
0.2368912249803543
0.17131443321704865
0.5448544025421143
0.5856919288635254
0.345151424407959
0.31247350573539734
0.6895944476127625
0.6294350028038025
0.17567002773284912
0.3285619616508484
0.6362839341163635
0.4087514579296112
0.47331544756889343
0.3832572102546692
0.3169606626033783
0.7827274799346924
0.43522197008132935
0.5057997703552246
0.1613912582397461
0.45810791850090027
0.3283099830150604
0.14384301006793976
0.6714887619018555
0.9014437198638916
0.4339611828327179
0.7673741579055786
0.30042505264282227
0.6879979968070984
0.5949129462242126
0.27369043231010437
0.5421531796455383
0.7512328624725342
0.1774342954158783
0.32529595494270325
0.22037014365196228
0.18808366358280182
0.38723355531692505
0.7351512312889099
0.8172027468681335
0.47630393505096436
1.0188138484954834
1.0048431158065796
0.39914506673812866
0.8902181386947632
0.3988160490989685
0.40413737297058105
0.7073568105697632
0.5712251663208008
0.11872761696577072
0.5281646251678467
0.4005696773529053
0.5843855738639832
0.909009575843811
0.37255367636680603
0.33493611216545105
0.3503433167934418
0.748580276966095
0.9747835993766785
0.7251438498497009
0.7602298855781555
0.6224117875099182
0.3911352753639221
0.5287414193153381
0.6118732690811157
0.39303410053253174
0.19255191087722778
0.6210988163948059
0.38867640495300293
0.2159321904182434
0.16724428534507751
0.44824865460395813
0.4733816683292389
0.416017085313797
0.3926214277744293
0.36204206943511963
0.06558134406805038
0.4299391210079193
0.46022099256515503
0.14800037443637848
0.8368226289749146
0.858059823513031
0.35645127296447754
0.629654049873352
0.6177619695663452
0.3181169927120209
0.3461153507232666
0.2052498757839203
0.3468007445335388
0.19933518767356873
0.17234839498996735
0.5190417766571045
0.6360085010528564
0.4636077284812927
0.11699121445417404
0.19066739082336426
0.477217435836792
0.600261390209198
0.5689674019813538
0.4614352583885193
0.3191715180873871
0.3750731945037842
0.171953946352005
0.4358701705932617
0.7554950714111328
0.5022856593132019
0.5345752835273743
0.4194069802761078
0.2504681646823883
0.7760087847709656
0.49559324979782104
0.1288803517818451
0.8200845718383789
0.6155789494514465
0.9375722408294678
0.6951737999916077
0.6135687232017517
0.14587964117527008
0.2933954894542694
0.41416698694229126
0.33658120036125183
0.402812659740448
0.4835151135921478
0.0702519342303276
0.8073322772979736
0.8729603886604309
0.3302983343601227
0.5521742701530457
0.8646725416183472
0.6408076286315918
0.7163774371147156
0.4134339392185211
0.0755067840218544
1.0251466035842896
0.6786321997642517
0.7495465278625488
0.08717020601034164
0.5056494474411011
0.25763487815856934
0.11314462125301361
0.2437530905008316
0.834347128868103
0.5621486902236938
0.21930311620235443
0.2792755961418152
0.8688600659370422
0.3764665722846985
0.5765261650085449
0.571001410484314
0.34803056716918945
0.7618996500968933
0.43638086318969727
0.13181447982788086
0.8907189965248108
0.7065017223358154
0.9390202760696411
0.7612292766571045
0.5853245258331299
0.1435323804616928
0.15320640802383423
0.4072834849357605
0.48360586166381836
0.5591418743133545
0.5733864903450012
0.20896026492118835
0.9139417409896851
0.8336687684059143
0.23467399179935455
0.47786808013916016
0.8811774253845215
0.5733479261398315
0.6764500141143799
0.5473588109016418
0.18175025284290314
1.0045011043548584
0.6567342281341553
0.7197511196136475
0.18373389542102814
0.34391680359840393
0.41214537620544434
0.13007251918315887
0.2508482336997986
0.8728231191635132
0.5473338961601257
0.16422884166240692
0.5568760633468628
0.8325493931770325
0.8625484108924866
0.9185264110565186
0.8376258611679077
0.4546286463737488
0.5451720952987671
1.128798246383667
0.8985270261764526
0.5438896417617798
1.0332120656967163
0.8110402226448059
1.2626229524612427
0.93312007188797
0.9895069599151611
0.55927574634552
0.7026682496070862
0.7887638807296753
0.09309503436088562
0.1296747326850891
0.7103696465492249
0.352245569229126
0.9282453656196594
1.2476342916488647
0.7474873065948486
0.9602999687194824
1.1723920106887817
1.0433669090270996
1.0972645282745361
0.5379846096038818
0.3732854425907135
1.3748724460601807
1.044971227645874
1.1199012994766235
0.4789266884326935
0.8897964954376221
0.384659081697464
0.5282779335975647
0.6346564888954163
1.1090404987335205
0.9295222759246826
0.4173634946346283
0.5544183254241943
0.7855479717254639
0.9032396674156189
0.6914523243904114
0.7421751022338867
0.45222583413124084
0.9032443165779114
0.7479751706123352
0.19381585717201233
0.54245924949646
0.8505207300186157
0.4338122010231018
0.5633834600448608
0.03773234784603119
0.42995622754096985
0.3744342029094696
0.8324701189994812
0.8591060638427734
0.5492610931396484
1.1965914964675903
1.1983364820480347
0.6030287146568298
1.0218521356582642
0.6566271781921387
0.2188730686903
0.7445980906486511
0.5393427014350891
0.14264452457427979
0.4608374238014221
0.31514424085617065
0.7955805659294128
1.0325253009796143
0.11455421894788742
0.30132925510406494
0.2569941282272339
0.8705269694328308
0.9626397490501404
0.9076120257377625
0.8628987669944763
0.7191405892372131
0.2580450773239136
0.4056200683116913
0.957355797290802
0.9529536366462708
1.2893346548080444
0.21209834516048431
0.5090165734291077
0.5156378746032715
0.4362192153930664
0.16089269518852234
0.41658535599708557
0.1737132966518402
0.4115736782550812
0.2598901391029358
0.29132595658302307
0.47944962978363037
0.3244735896587372
0.5604345202445984
0.3494170010089874
0.27992841601371765
0.27562859654426575
0.38871973752975464
0.10696040838956833
0.6249646544456482
0.6425756216049194
0.20969870686531067
0.4413432478904724
0.5440494418144226
0.5318813323974609
0.2984606921672821
0.328769713640213
0.484813928604126
0.37660759687423706
0.3880288004875183
0.3222375810146332
0.455358624458313
0.65964674949646
0.32829785346984863
0.4037443697452545
0.29280829429626465
0.5918561816215515
0.35303011536598206
0.3001094162464142
0.16563019156455994
0.4601227343082428
0.21594524383544922
0.37987738847732544
0.4159526228904724
0.7179969549179077
0.5825037360191345
0.467865526676178
0.6206750273704529
0.5767650008201599
0.4796958565711975
0.1860540509223938
0.6479431986808777
0.4446074664592743
0.13923683762550354
0.2560804486274719
0.5315786600112915
0.40557369589805603
0.38978809118270874
0.3029516935348511
0.3084845244884491
0.10088656842708588
0.5135408043861389
0.5532721877098083
0.23047925531864166
0.8966643810272217
0.9097591638565063
0.36092451214790344
0.7054542303085327
0.5731399059295654
0.27023768424987793
0.4393202066421509
0.282837837934494
0.2534843981266022
0.2498217523097992
0.15982501208782196
0.5415964126586914
0.7146980166435242
0.387891948223114
0.07869182527065277
0.14658793807029724
0.553406834602356
0.6907510161399841
0.617572546005249
0.5439714789390564
0.4002564251422882
0.2885580062866211
0.09332817792892456
0.6398193836212158
0.6361804604530334
0.9897505640983582
0.3189445436000824
0.27233684062957764
0.48246076703071594
0.7096526622772217
0.45058298110961914
0.5845487713813782
0.1208411306142807
0.5743618011474609
0.42221155762672424
0.2130311131477356
0.35888001322746277
0.5591370463371277
0.2801147401332855
0.2714928388595581
0.3048763573169708
0.178738072514534
0.22697080671787262
0.5425190329551697
0.6210022568702698
0.27988940477371216
0.8656142354011536
0.8651391267776489
0.2746070921421051
0.7094050645828247
0.44402557611465454
0.3640480041503906
0.511997401714325
0.3989027738571167
0.21737965941429138
0.3776625692844391
0.28481918573379517
0.46625834703445435
0.725131630897522
0.4293796420097351
0.20384204387664795
0.2573677599430084
0.5629057884216309
0.7851784825325012
0.574978232383728
0.5689709186553955
0.4287000894546509
0.19651426374912262
0.19402837753295898
0.6497662663459778
0.6781293153762817
0.9580133557319641
0.3332819640636444
0.27048686146736145
0.1298447996377945
0.45386239886283875
0.6306600570678711
0.5424577593803406
0.49579888582229614
0.15263120830059052
0.6167126893997192
0.42172762751579285
0.16351817548274994
0.2701886296272278
0.5214477777481079
0.3778815269470215
0.35475286841392517
0.3124815821647644
0.27632245421409607
0.12817342579364777
0.5037022829055786
0.555482029914856
0.22333762049674988
0.8735611438751221
0.8839400410652161
0.32730045914649963
0.6898834705352783
0.5399861931800842
0.3015736937522888
0.44267553091049194
0.30383238196372986
0.2517003118991852
0.2788494825363159
0.19491665065288544
0.5098785758018494
0.7007815837860107
0.40848520398139954
0.11381751298904419
0.1801963448524475
0.5386139154434204
0.702976405620575
0.591499924659729
0.5332042574882507
0.3894273638725281
0.2720823585987091
0.10300016403198242
0.625522255897522
0.6306192278862
0.9666461944580078
0.33197394013404846
0.2518685460090637
0.035129938274621964
0.09881360083818436
0.6777752041816711
0.9139336943626404
0.4209485948085785
0.7813804149627686
0.3066146969795227
0.6839166283607483
0.5982211232185364
0.2912362515926361
0.5558863282203674
0.7583222389221191
0.16187721490859985
0.3188677430152893
0.23462019860744476
0.18228518962860107
0.4024996757507324
0.7424395084381104
0.8277847766876221
0.4866231381893158
1.0184744596481323
1.0028396844863892
0.39797481894493103
0.8943886160850525
0.3842853307723999
0.42161521315574646
0.718548059463501
0.5861104130744934
0.13469071686267853
0.5443333983421326
0.41762658953666687
0.5811845660209656
0.9137972593307495
0.3869025707244873
0.35128599405288696
0.36771076917648315
0.7539506554603577
0.9877934455871582
0.7249618172645569
0.7670413851737976
0.6302158236503601
0.01762864738702774
0.3886755406856537
0.839367151260376
0.8808850049972534
1.1083085536956787
0.2723493278026581
0.4670143127441406
0.3032917082309723
0.20678554475307465
0.2856978476047516
0.29198431968688965
0.46005815267562866
0.8663626313209534
0.5623528957366943
0.6583724021911621
0.5041962265968323
0.37275728583335876
0.8925282955169678
0.5949323177337646
0.23032234609127045
0.9425745010375977
0.7351883053779602
1.0578407049179077
0.8184400796890259
0.7253119945526123
0.2487775981426239
0.33972468972206116
0.5295860767364502
0.313075453042984
0.39921510219573975
0.6043109893798828
0.08495436608791351
0.9207919239997864
0.9826151132583618
0.40845412015914917
0.6453673243522644
0.9870128631591797
0.7380115389823914
0.8250619769096375
0.516974151134491
0.052241940051317215
1.140831708908081
0.7926498651504517
0.8616771697998047
0.21007123589515686
0.5156542062759399
0.3452976644039154
0.2162875384092331
0.3583153784275055
0.9583105444908142
0.6772286295890808
0.12406399101018906
0.18673795461654663
0.3741430640220642
1.076579213142395
0.5025760531425476
0.7580533623695374
0.7728848457336426
0.7453929781913757
0.9634026288986206
0.2581143379211426
0.6600236892700195
0.46812087297439575
0.6568719148635864
0.38503777980804443
0.14313867688179016
0.14335192739963531
0.689210057258606
0.5389122366905212
0.3231732249259949
0.584403395652771
0.36320018768310547
0.8079589009284973
0.4761495888233185
0.5766223669052124
0.32319533824920654
0.5106719732284546
0.39502573013305664
0.36963701248168945
0.36181333661079407
0.2513897716999054
0.31552213430404663
0.5253707766532898
0.8218274116516113
0.47958904504776
0.6085281372070312
0.7146462202072144
0.6694316864013672
0.6840026378631592
0.11684100329875946
0.3493320941925049
0.9284251928329468
0.6190681457519531
0.694387674331665
0.25463005900382996
0.7411776781082153
0.07674599438905716
0.3168277144432068
0.3068002164363861
0.6492986083030701
0.5117018222808838
0.29772430658340454
0.4379115104675293
0.4598187804222107
0.8365334868431091
0.29767343401908875
0.5535057187080383
0.5033261179924011
0.5258116722106934
0.6488404273986816
0.4002007246017456
0.23575055599212646
0.5744275450706482
0.6699737310409546
0.6239628195762634
0.5327435731887817
0.29572126269340515
0.23134301602840424
0.8107203245162964
0.5771256685256958
0.24233026802539825
0.7770302295684814
0.5594003200531006
0.954571008682251
0.6610219478607178
0.6662259101867676
0.2539118826389313
0.4279661774635315
0.4650188684463501
0.2326596975326538
0.2773010730743408
0.43676263093948364
0.12523913383483887
0.7278529405593872
0.9251484274864197
0.4445364475250244
0.640817403793335
0.8705485463142395
0.7211833000183105
0.7737072706222534
0.31664401292800903
0.16277699172496796
1.0588454008102417
0.7233324646949768
0.7978121638298035
0.16673643887043
0.6465721130371094
0.13858117163181305
0.2283056080341339
0.312794953584671
0.8214005827903748
0.6071677803993225
0.14269062876701355
0.30687347054481506
0.32393720746040344
0.9788726568222046
0.39924415946006775
0.6715032458305359
0.6533340811729431
0.6506420969963074
0.8234660625457764
0.20848429203033447
0.20254021883010864
0.4424271881580353
0.44613969326019287
0.7649731040000916
0.2851274013519287
0.34422558546066284
0.7424067854881287
0.4826311767101288
0.26974377036094666
0.10674015432596207
0.4741423428058624
0.6185660362243652
0.5685450434684753
0.45712777972221375
0.5128873586654663
0.11393905431032181
0.4560909867286682
0.420919805765152
0.2243845909833908
0.9085474610328674
0.943534791469574
0.5000275373458862
0.6707446575164795
0.7708260416984558
0.2957696318626404
0.3114846646785736
0.08151857554912567
0.4436614215373993
0.050935305655002594
0.1456683874130249
0.6464633345603943
0.6684670448303223
0.4803963601589203
0.17075815796852112
0.20121467113494873
0.5240927934646606
0.5050630569458008
0.6656993627548218
0.48938286304473877
0.3645617365837097
0.5000774264335632
0.1532636284828186
0.6005463600158691
0.5424082279205322
0.9989575147628784
0.45782750844955444
0.32582271099090576
0.21481169760227203
0.3389377295970917
0.2406846433877945
0.5156243443489075
0.7014816403388977
0.6193679571151733
0.6759421825408936
0.4323280453681946
0.5853071808815002
0.5821777582168579
0.44763219356536865
0.17546823620796204
0.6285097002983093
0.41477566957473755
0.17232440412044525
0.22252465784549713
0.49463924765586853
0.4262154698371887
0.3905135691165924
0.34067636728286743
0.3214353919029236
0.0822996199131012
0.47653713822364807
0.5156549215316772
0.19324901700019836
0.8663429021835327
0.8820715546607971
0.34866389632225037
0.6703742146492004
0.5828626751899719
0.2932741940021515
0.4018556773662567
0.25473958253860474
0.290654718875885
0.2326917201280594
0.1660381406545639
0.523433268070221
0.6788964867591858
0.4217611253261566
0.09131983667612076
0.16598355770111084
0.5181045532226562
0.6564545035362244
0.5905218720436096
0.5072007775306702
0.36365222930908203
0.3197665214538574
0.056638460606336594
0.6042230725288391
0.598365843296051
0.9593693017959595
0.356018602848053
0.2413794845342636
0.037966080009937286
0.14631037414073944
0.04909352958202362
0.3337743580341339
0.7217627763748169
0.5285741090774536
0.6395988464355469
0.19265116751194
0.1209845021367073
0.4984731674194336
0.5353231430053711
0.46778857707977295
0.2661859095096588
0.3351563513278961
0.05768086388707161
0.5341582298278809
0.34036892652511597
0.20849555730819702
0.5563691258430481
0.36626216769218445
0.680562436580658
0.42891213297843933
0.39624401926994324
0.19764083623886108
0.3579433560371399
0.20172420144081116
0.5031316876411438
0.5246922969818115
0.23342953622341156
0.32596832513809204
0.5763772130012512
0.6521514058113098
0.29898133873939514
0.4097898602485657
0.6009578704833984
0.4742013216018677
0.5046452283859253
0.26088160276412964
0.34409299492836
0.782195508480072
0.44904860854148865
0.524182140827179
0.18538253009319305
0.5822158455848694
0.24077638983726501
0.21219469606876373
0.12456680834293365
0.5649474859237671
0.33439400792121887
0.2697274386882782
0.3402734398841858
0.5960668921470642
0.703670084476471
0.12260063737630844
0.3949230909347534
0.3840409219264984
0.37413060665130615
0.5697221755981445
0.393791139125824
0.1990833431482315
0.27665746212005615
0.4249987304210663
0.3635389506816864
0.2656831741333008
0.5450699925422668
0.4903714656829834
0.4581390619277954
0.109163299202919
0.43786799907684326
0.21811088919639587
0.3657704293727875
0.2623606324195862
0.34428417682647705
0.433067262172699
0.2943299114704132
0.5089952349662781
0.30346769094467163
0.24911077320575714
0.32830968499183655
0.4320697784423828
0.11571863293647766
0.670075535774231
0.6829928755760193
0.19492587447166443
0.49399906396865845
0.5132961869239807
0.4924473166465759
0.3353205621242523
0.32796022295951843
0.43171724677085876
0.3625319302082062
0.35503414273262024
0.3372965455055237
0.5086067318916321
0.6121121644973755
0.28923243284225464
0.3646737039089203
0.3461623191833496
0.6267508864402771
0.39120781421661377
0.3533562123775482
0.21671535074710846
0.40695425868034363
0.18356338143348694
0.4331585168838501
0.4675464630126953
0.7631694078445435
0.5319780111312866
0.053591568022966385
0.2271101176738739
0.21692150831222534
0.203631192445755
0.4141313135623932
0.5560385584831238
0.32997146248817444
0.4474633038043976
0.3117358386516571
0.19934016466140747
0.17170116305351257
0.4678281843662262
0.5796703100204468
0.6354487538337708
0.4312288165092468
0.2330777794122696
0.6842017769813538
0.4623427987098694
0.14259746670722961
0.21339401602745056
0.5237043499946594
0.4663264751434326
0.4458760619163513
0.32583585381507874
0.36928296089172363
0.045139435678720474
0.5053337812423706
0.5243431925773621
0.22453099489212036
0.9120755195617676
0.9312702417373657
0.4063013792037964
0.7063271403312683
0.6333736181259155
0.2431882619857788
0.4097479581832886
0.22992490231990814
0.29374825954437256
0.1892964392900467
0.10843628644943237
0.5797356367111206
0.712378740310669
0.38786211609840393
0.04031173512339592
0.11510605365037918
0.5539076924324036
0.6463877558708191
0.640841543674469
0.5371201634407043
0.3954389691352844
0.34305718541145325
0.07674425840377808
0.638685941696167
0.6194016337394714
1.0049006938934326
0.33541998267173767
0.28874194622039795
0.061167292296886444
0.19084136188030243
0.0934063047170639
0.3585498631000519
0.7531624436378479
0.5809851288795471
0.68310546875
0.15707893669605255
0.057679180055856705
0.40909045934677124
0.25101590156555176
0.4372463524341583
0.26641881465911865
0.9176609516143799
0.09384776651859283
0.5000724196434021
0.809967041015625
0.528408408164978
0.47244536876678467
0.17337143421173096
0.42957058548927307
0.8047919869422913
0.719450831413269
0.6582091450691223
0.689320981502533
0.31311851739883423
0.41503769159317017
0.2984960675239563
0.3161487579345703
0.8895245790481567
0.9435173273086548
0.6245070099830627
0.6233355402946472
0.9336701035499573
0.4711828827857971
0.22567835450172424
0.1285897046327591
0.6477670073509216
0.19552180171012878
0.340908944606781
0.7300949692726135
0.6097190380096436
0.6645103096961975
0.3748409152030945
0.39961472153663635
0.499980628490448
0.3110133707523346
0.697625994682312
0.4450559616088867
0.369316041469574
0.6998010277748108
0.33185577392578125
0.5559729337692261
0.4473349153995514
0.9730783700942993
0.6560081243515015
0.4193441569805145
0.4114243686199188
0.5258841514587402
0.4319280982017517
0.7147001028060913
0.629391074180603
0.6716208457946777
0.6662253737449646
0.20414966344833374
0.382870614528656
0.47481730580329895
0.4306105971336365
0.3579981029033661
0.3234013020992279
0.284436970949173
0.8017908930778503
0.15091954171657562
0.39115774631500244
0.6860718131065369
0.4054257273674011
0.42954036593437195
0.08193692564964294
0.330593079328537
0.7082868218421936
0.6045405268669128
0.6174553632736206
0.5870079398155212
0.2515447735786438
0.31406745314598083
0.24874360859394073
0.19615930318832397
0.7856922745704651
0.8335533142089844
0.5036397576332092
0.5290310978889465
0.8215710520744324
0.46839848160743713
0.14331434667110443
0.10029196739196777
0.5880904197692871
0.19651822745800018
0.31686723232269287
0.605338454246521
0.52080237865448
0.6521402597427368
0.323079913854599
0.3692546486854553
0.39391276240348816
0.35335931181907654
0.5781127214431763
0.346339613199234
0.2509898543357849
0.6221006512641907
0.2471262663602829
0.459451287984848
0.3778753876686096
0.8723066449165344
0.6222902536392212
0.29630279541015625
0.3374493718147278
0.43557876348495483
0.3500431180000305
0.6354748606681824
0.5478655695915222
0.5487766861915588
0.5573678612709045
0.17271168529987335
0.3031463027000427
0.35098904371261597
0.3118337392807007
0.2952497899532318
0.12477198988199234
0.23996107280254364
0.39443206787109375
0.8496886491775513
0.4912532567977905
0.6109104752540588
0.5104095339775085
0.33958739042282104
0.8318752646446228
0.5266923308372498
0.1678926944732666
0.9066590070724487
0.7061848044395447
1.0009201765060425
0.7800840735435486
0.6617099642753601
0.18611331284046173
0.26918697357177734
0.46938884258270264
0.3702969551086426
0.4503884017467499
0.5732993483543396
0.10364300012588501
0.9008886814117432
0.9173517823219299
0.3373386859893799
0.5755653977394104
0.93377685546875
0.66886967420578
0.7596057057380676
0.5080410838127136
0.06940203160047531
1.079097867012024
0.7303045392036438
0.7979626059532166
0.16666439175605774
0.454419881105423
0.3485058546066284
0.15547387301921844
0.2993168830871582
0.9113107323646545
0.6160179376602173
0.09470462054014206
0.11708510667085648
0.4381553828716278
1.0183051824569702
0.45201176404953003
0.6993632316589355
0.7221816778182983
0.688639760017395
0.9173724055290222
0.07153355330228806
0.3920942544937134
0.22201256453990936
0.6334010362625122
0.6624956727027893
0.3514021933078766
0.5055769085884094
0.6912503242492676
0.5578597784042358
0.47749584913253784
0.23791460692882538
0.5864716172218323
0.6520259380340576
0.6315604448318481
0.5228393077850342
0.27678245306015015
0.2225903570652008
0.8043444752693176
0.5779629349708557
0.2510235011577606
0.7621909379959106
0.5437938570976257
0.945759117603302
0.6472298502922058
0.6626014709472656
0.26160404086112976
0.4390551745891571
0.4621216952800751
0.23459936678409576
0.2727089524269104
0.4224565029144287
0.1439661830663681
0.7102255821228027
0.9208486676216125
0.45131900906562805
0.6425161957740784
0.8605794906616211
0.7213689088821411
0.7704185843467712
0.2985427677631378
0.1813935786485672
1.0519304275512695
0.718468189239502
0.7932335138320923
0.17389249801635742
0.6595879197120667
0.11982739716768265
0.23753239214420319
0.31399184465408325
0.8094503283500671
0.6027349829673767
0.1578262746334076
0.32156020402908325
0.3269124925136566
0.9705646634101868
0.3927905559539795
0.6651115417480469
0.6435992121696472
0.6434963941574097
0.8112024068832397
0.22741438448429108
0.18516658246517181
0.018968278542160988
0.6755087375640869
0.6337857842445374
0.270283967256546
0.43998295068740845
0.6783233284950256
0.6715005040168762
0.5608526468276978
0.23963646590709686
0.49678874015808105
0.16609886288642883
1.05324125289917
0.10486820340156555
0.6456825137138367
0.8939245343208313
0.6130536794662476
0.6377679705619812
0.32566478848457336
0.45950961112976074
0.960590124130249
0.8571130037307739
0.8227595686912537
0.8409464955329895
0.4776493012905121
0.4501197040081024
0.2786343991756439
0.44771307706832886
0.9059246778488159
0.9732303023338318
0.7502431869506836
0.6302292943000793
1.075134038925171
0.6271503567695618
0.27159953117370605
0.29277846217155457
0.8133814334869385
0.3586599826812744
0.5048491358757019
0.8275793790817261
0.6077242493629456
0.8215893507003784
0.5404631495475769
0.563912034034729
0.5375252962112427
0.17009587585926056
0.7617262601852417
0.4729655981063843
0.4459630846977234
0.8630731701850891
0.49113592505455017
0.5709667801856995
0.42785459756851196
0.980962872505188
0.8193544745445251
0.5405668616294861
0.5745328068733215
0.6842851638793945
0.5930430889129639
0.8776120543479919
0.6137858033180237
0.7511762976646423
0.7010793685913086
0.36981871724128723
0.5442871451377869
0.5667039752006531
0.5630071759223938
0.5227029919624329
0.1656777709722519
0.2545258402824402
0.5449396371841431
0.710462212562561
0.2834700047969818
0.12293437868356705
0.8993495106697083
0.16909366846084595
0.5305504202842712
0.6845017671585083
0.4123612642288208
0.6330942511558533
0.28462547063827515
0.23362679779529572
0.8583552837371826
0.7130102515220642
0.8196909427642822
0.7300276160240173
0.4527835249900818
0.22625070810317993
0.05442348122596741
0.32808661460876465
0.6781874299049377
0.7448276281356812
0.590330958366394
0.40306293964385986
0.9320022463798523
0.6757989525794983
0.09376311302185059
0.3042362630367279
0.781292736530304
0.3998245298862457
0.524659276008606
0.6305135488510132
0.382511168718338
0.8599067330360413
0.5256869196891785
0.5762357115745544
0.31219160556793213
0.20683279633522034
0.5427979230880737
0.24626952409744263
0.2513698935508728
0.7998005747795105
0.434500128030777
0.342635840177536
0.20752675831317902
0.7548682689666748
0.8267558217048645
0.38934236764907837
0.5278083086013794
0.6049472093582153
0.5331670641899109
0.8112565279006958
0.393857479095459
0.54157954454422
0.47354641556739807
0.3804297149181366
0.4908269941806793
0.37568095326423645
0.42812803387641907
0.4941939115524292
0.2457064837217331
0.20786407589912415
0.3230969309806824
0.48357975482940674
0.22841139137744904
0.6776401400566101
0.8366737365722656
0.5793871283531189
0.6857043504714966
0.33103862404823303
0.7782048583030701
0.6303561329841614
0.13983677327632904
0.470371812582016
0.747520387172699
0.33304116129875183
0.4407356083393097
0.09427830576896667
0.30990761518478394
0.30116143822669983
0.7298911809921265
0.775820255279541
0.4497067928314209
1.076134443283081
1.075439453125
0.4780794680118561
0.9109764695167542
0.5503831505775452
0.24954549968242645
0.6616274118423462
0.4819514751434326
0.04663600027561188
0.41922637820243835
0.2772855758666992
0.6706030964851379
0.9238704442977905
0.23208990693092346
0.23283705115318298
0.2198934108018875
0.7612373232841492
0.9027410745620728
0.7856462001800537
0.758999228477478
0.6154224276542664
0.15712769329547882
0.31560346484184265
0.8483948111534119
0.8569351434707642
1.1686124801635742
0.12510254979133606
0.46969157457351685
0.22282542288303375
0.21068692207336426
0.22654053568840027
0.17416128516197205
0.9696181416511536
0.713681697845459
0.8616923689842224
0.40293920040130615
0.260707825422287
0.5887113809585571
0.4175657629966736
0.257003515958786
0.6070331931114197
0.5522504448890686
0.9142841696739197
0.8525965809822083
0.7727091908454895
0.7489158511161804
0.3088390827178955
0.6872442364692688
0.34396547079086304
0.6373293399810791
0.22423303127288818
0.24188590049743652
0.17867077887058258
0.5346841216087341
0.4664289355278015
0.39479464292526245
0.4085116982460022
0.19314226508140564
0.6358505487442017
0.295623242855072
0.4534148871898651
0.386328786611557
0.5496865510940552
0.31361284852027893
0.5506807565689087
0.5374923944473267
0.07029576599597931
0.46229541301727295
0.38855084776878357
0.6769058108329773
0.4818872809410095
0.5344939827919006
0.5390242338180542
0.5732938051223755
0.5544734597206116
0.13453947007656097
0.49016180634498596
0.763796865940094
0.48067507147789
0.5533484816551208
0.3526381254196167
0.771160900592804
0.25763148069381714
0.39562633633613586
0.31368282437324524
0.46876025199890137
0.3884466290473938
0.4238317310810089
0.5256754159927368
0.6403900980949402
0.6663236618041992
0.20741108059883118
0.4071882963180542
0.33451446890830994
0.3753474950790405
0.4679296612739563
0.5423826575279236
0.18112297356128693
0.36852702498435974
0.5224965810775757
0.38981443643569946
0.19239187240600586
0.2107633352279663
0.4465324878692627
0.6262711882591248
0.5024793744087219
0.515692412853241
0.3537316620349884
0.740267813205719
0.5643452405929565
0.5418767929077148
0.11167425662279129
0.46623846888542175
0.560608446598053
0.4295417368412018
0.2603169083595276
0.3745996057987213
0.09561393409967422
0.5115107893943787
0.30212289094924927
0.19647301733493805
0.564609706401825
0.38447296619415283
0.6645190119743347
0.43551793694496155
0.3662607669830322
0.18300007283687592
0.3292597532272339
0.16774669289588928
0.5308831930160522
0.5569666028022766
0.25408923625946045
0.3369297385215759
0.5986589193344116
0.6243415474891663
0.26338475942611694
0.371315598487854
0.5891227722167969
0.4377361834049225
0.4743325114250183
0.29883378744125366
0.351187527179718
0.760580837726593
0.4223461449146271
0.49685588479042053
0.18888665735721588
0.5501383543014526
0.2770373821258545
0.20293444395065308
0.0925724059343338
0.5607401132583618
0.30625593662261963
0.27576637268066406
0.3264479637145996
0.6234265565872192
0.6860384345054626
0.10443177074193954
0.37269166111946106
0.37402841448783875
0.3545134663581848
0.5666816234588623
0.3989226818084717
0.23821517825126648
0.3009917438030243
0.389045774936676
0.3395671248435974
0.039460111409425735
0.15743865072727203
0.3821139335632324
0.4353901445865631
0.3115289807319641
0.35069265961647034
0.29654359817504883
0.529206395149231
0.3433065712451935
0.5740584135055542
0.22119751572608948
0.353731244802475
0.49711519479751587
0.6149255633354187
0.36801064014434814
0.19280987977981567
0.5990027189254761
0.3575434982776642
0.2547275424003601
0.14286881685256958
0.40961578488349915
0.49230730533599854
0.41721150279045105
0.4309956133365631
0.3757496476173401
0.09417985379695892
0.3912848234176636
0.42359665036201477
0.11027960479259491
0.8030675053596497
0.8266982436180115
0.3459099233150482
0.5921341776847839
0.6249681115150452
0.3528677225112915
0.30994221568107605
0.19139845669269562
0.38254618644714355
0.2040608823299408
0.20254231989383698
0.4992140531539917
0.5979446768760681
0.5020435452461243
0.1543162316083908
0.22647592425346375
0.43978139758110046
0.5704726576805115
0.5393423438072205
0.4228907525539398
0.28100132942199707
0.404488205909729
0.038852185010910034
0.5243179798126221
0.5085965394973755
0.895555853843689
0.44437044858932495
0.18717890977859497
0.1298823058605194
0.21662472188472748
0.13393482565879822
0.4173312485218048
0.6388188600540161
0.48473548889160156
0.5725066661834717
0.15435460209846497
0.09209440648555756
0.30210575461387634
0.1619260162115097
0.11443765461444855
0.3136249780654907
0.2190939337015152
0.5773311257362366
0.5686440467834473
0.46851956844329834
0.3995700776576996
0.35270383954048157
0.3715294301509857
0.27218955755233765
0.40635648369789124
0.7989113926887512
0.4878307282924652
0.8124867081642151
0.5284232497215271
0.0801144391298294
0.30629613995552063
0.8380424976348877
0.7030707001686096
0.45567309856414795
0.6670548319816589
0.44804075360298157
0.9412931799888611
0.5787588357925415
0.736557126045227
0.4601651132106781
0.6485697627067566
0.5589550137519836
0.30079397559165955
0.25294041633605957
0.36994415521621704
0.37935733795166016
0.5531861186027527
0.9759217500686646
0.6324359178543091
0.7726268172264099
0.8426195979118347
0.8333713412284851
0.8429257273674011
0.17892786860466003
0.4171372652053833
1.0701429843902588
0.7749581336975098
0.8496545553207397
0.378871887922287
0.8769941926002502
0.14290107786655426
0.44580477476119995
0.4644976556301117
0.7631768584251404
0.6711856126785278
0.3909749388694763
0.5507089495658875
0.3752644956111908
0.9723197221755981
0.4597298800945282
0.7059022784233093
0.6409135460853577
0.676104724407196
0.7597338557243347
0.4600793421268463
0.16425053775310516
0.2548759877681732
0.7831688523292542
0.6837655305862427
0.3629125952720642
0.4878934621810913
0.7379617094993591
0.8325691223144531
0.7107972502708435
0.47642281651496887
0.23685559630393982
0.9031357169151306
0.6855202913284302
0.8475971817970276
0.30640050768852234
0.4017648696899414
0.645991861820221
0.48410844802856445
0.184108704328537
1.025909185409546
0.08022113144397736
0.6155370473861694
0.8779130578041077
0.595895528793335
0.6017606854438782
0.29312214255332947
0.452749639749527
0.9282315373420715
0.8290966153144836
0.786649763584137
0.8095923662185669
0.44255971908569336
0.4421437084674835
0.2796025276184082
0.4199163615703583
0.9046704769134521
0.9692530632019043
0.7247399091720581
0.6299042105674744
1.0464212894439697
0.5915127992630005
0.25771039724349976
0.25768327713012695
0.7777397036552429
0.3225322365760803
0.4687260687351227
0.8084497451782227
0.6092102527618408
0.7859064936637878
0.5048139095306396
0.5277977585792542
0.5298866629600525
0.20029692351818085
0.7496277093887329
0.4667937159538269
0.4292137622833252
0.8285120129585266
0.45755311846733093
0.5684770941734314
0.4316237270832062
0.98176509141922
0.7832294702529907
0.5153684020042419
0.5399565696716309
0.6510968208312988
0.5590630769729614
0.8431751132011414
0.61831134557724
0.7357026934623718
0.6950480341911316
0.3341020941734314
0.5101925730705261
0.5477624535560608
0.5355516076087952
0.48755744099617004
0.1299751251935959
0.22486582398414612
0.5483957529067993
0.7035849690437317
0.03612876310944557
0.2268981784582138
0.7369097471237183
0.7173124551773071
0.5096273422241211
0.43593549728393555
0.8900703191757202
0.3196587562561035
0.6918576955795288
0.3343150019645691
0.6366788148880005
0.20648272335529327
0.26029902696609497
0.1926564872264862
0.5166537165641785
0.46018534898757935
0.4063417911529541
0.3887064456939697
0.1755436211824417
0.6153860688209534
0.27469077706336975
0.4401561915874481
0.39713358879089355
0.5563970804214478
0.3079742193222046
0.5719643831253052
0.5586579442024231
0.049177318811416626
0.4802698791027069
0.3763018548488617
0.6599307060241699
0.4849465489387512
0.5275505185127258
0.5181757211685181
0.5631899237632751
0.539879560470581
0.1523820161819458
0.5074983239173889
0.7441877722740173
0.46508947014808655
0.5371565818786621
0.36716505885124207
0.7757548093795776
0.2788326144218445
0.4078660011291504
0.31967654824256897
0.44744741916656494
0.3756069242954254
0.44018030166625977
0.5377280712127686
0.6617034673690796
0.6460769772529602
0.2031734138727188
0.39073070883750916
0.3148127496242523
0.35839545726776123
0.4466201663017273
0.5596693158149719
0.2023775577545166
0.38841524720191956
0.5125532150268555
0.37460047006607056
0.2010493278503418
0.20127204060554504
0.4316665232181549
0.6224946975708008
0.49937742948532104
0.5313180685043335
0.3738578259944916
0.7401891946792603
0.569124698638916
0.5214977264404297
0.021315284073352814
0.2271558791399002
0.36035484075546265
0.32632771134376526
0.7164275646209717
0.5175409913063049
0.4743631184101105
0.8283745050430298
0.3040522336959839
0.4117567539215088
0.8210137486457825
0.5616229772567749
0.2757878601551056
0.17651891708374023
0.5440491437911987
0.6648520231246948
0.634228527545929
0.45447593927383423
0.5675663352012634
0.1649666130542755
0.5263299345970154
0.47171056270599365
0.3035200238227844
0.9845458269119263
1.02125883102417
0.5733629465103149
0.7420320510864258
0.8300339579582214
0.2590519189834595
0.3685368001461029
0.12502264976501465
0.45940297842025757
0.03108653426170349
0.13832448422908783
0.7242807745933533
0.7378134727478027
0.4521782100200653
0.19704368710517883
0.19724616408348083
0.5976741909980774
0.5233096480369568
0.7445995211601257
0.5595341324806213
0.43978559970855713
0.5314295887947083
0.21930968761444092
0.6717854142189026
0.6028092503547668
1.074416995048523
0.44863972067832947
0.4044710397720337
0.26030242443084717
0.3896976113319397
0.29128119349479675
0.5479749441146851
0.7685160636901855
0.6984968781471252
0.752154529094696
0.07913552224636078
0.24717800319194794
0.503969669342041
0.3882961869239807
0.19914019107818604
0.21233664453029633
0.22529256343841553
0.6992141008377075
0.7522610425949097
0.37178125977516174
0.4263007938861847
0.4152471423149109
0.598881185054779
0.4677819311618805
0.22798606753349304
0.8622695207595825
0.3357507884502411
0.5881985425949097
0.28441157937049866
0.6847887635231018
0.39942115545272827
0.6624544262886047
0.32624053955078125
0.1507577896118164
0.1509229838848114
0.6352381706237793
0.5208890438079834
0.36093607544898987
0.5087903738021851
0.2874240577220917
0.7440977692604065
0.40214255452156067
0.5369814038276672
0.35736197233200073
0.5385958552360535
0.37051352858543396
0.4426189959049225
0.42779237031936646
0.17904113233089447
0.3832723796367645
0.4543360769748688
0.7731202244758606
0.49192044138908386
0.5906732082366943
0.6482521295547485
0.6425595879554749
0.6421873569488525
0.06723767518997192
0.41526007652282715
0.869324803352356
0.5727371573448181
0.6471636295318604
0.3016171455383301
0.7676723003387451
0.1519833356142044
0.35745126008987427
0.3162626028060913
0.57816082239151
0.47141170501708984
0.35744544863700867
0.4844895005226135
0.5315261483192444
0.7739348411560059
0.2659529447555542
0.5030105710029602
0.4410463869571686
0.4731435179710388
0.5769808292388916
0.4669937789440155
0.07578197121620178
0.2758214771747589
0.5917598009109497
0.4814474284648895
0.19466960430145264
0.28789377212524414
0.5362512469291687
0.6665526628494263
0.5419420003890991
0.4520688056945801
0.2591027021408081
0.7611106634140015
0.5632842183113098
0.6499442458152771
0.10972829163074493
0.23314443230628967
0.44851112365722656
0.20296400785446167
0.7424302697181702
0.1309531331062317
0.6703028678894043
0.18256619572639465
0.233726367354393
0.831454336643219
0.29584115743637085
0.5069230198860168
0.5732143521308899
0.31860285997390747
0.6730095148086548
0.34317493438720703
0.11059550940990448
0.8287252187728882
0.6576448678970337
0.8525739908218384
0.6986845135688782
0.4949597120285034
0.10957226902246475
0.08488115668296814
0.3249220848083496
0.5457528233528137
0.6125072240829468
0.5271338820457458
0.2711772918701172
0.8715046644210815
0.7409824728965759
0.14161686599254608
0.38440731167793274
0.7989148497581482
0.4797930419445038
0.5840552449226379
0.5322465896606445
0.25266584753990173
0.9136779308319092
0.5669950842857361
0.6284407377243042
0.18736319243907928
0.31112831830978394
0.4232441186904907
0.12023508548736572
0.18567508459091187
0.7976949214935303
0.46001067757606506
0.21007253229618073
0.09357528388500214
0.6233651638031006
0.8651700615882874
0.3493819534778595
0.5505364537239075
0.6015480756759644
0.5473525524139404
0.8067935705184937
0.2698456645011902
0.43262866139411926
0.3431265354156494
0.44899454712867737
0.5125811100006104
0.2961346507072449
0.3980402648448944
0.5304166674613953
0.35954800248146057
0.28454357385635376
0.198317751288414
0.35417696833610535
0.3608998656272888
0.13258028030395508
0.7726497054100037
0.4881799817085266
0.2732677161693573
0.42158040404319763
0.5659304261207581
0.3589543104171753
0.4971550405025482
0.5093056559562683
0.46610021591186523
0.17963220179080963
0.2356538623571396
0.8283289074897766
0.29590946435928345
0.5037676692008972
0.5707563757896423
0.31565847992897034
0.6704360842704773
0.34113389253616333
0.1083071157336235
0.825526773929596
0.6544500589370728
0.8498638868331909
0.6954862475395203
0.4924921989440918
0.10693670064210892
0.08642874658107758
0.3219917416572571
0.5451669692993164
0.6115422248840332
0.5239587426185608
0.27083176374435425
0.8683387637138367
0.7388244867324829
0.14023111760616302
0.3827747106552124
0.7960308194160461
0.4780696928501129
0.5818397402763367
0.5294555425643921
0.25272607803344727
0.9112735390663147
0.5644790530204773
0.6260784268379211
0.1853441596031189
0.31334611773490906
0.42106345295906067
0.11820340901613235
0.182463601231575
0.7946329116821289
0.4573208689689636
0.2092728614807129
0.09540476649999619
0.623058557510376
0.8625337481498718
0.3461896479129791
0.5477695465087891
0.598503589630127
0.5444871783256531
0.8037137985229492
0.27050715684890747
0.4300634562969208
0.34173792600631714
0.44704118371009827
0.5098171830177307
0.29301270842552185
0.39487501978874207
0.5278403162956238
0.3589368462562561
0.28299281001091003
0.19899801909923553
0.35266101360321045
0.3617642819881439
0.13337591290473938
0.7698386311531067
0.48508206009864807
0.27008044719696045
0.4188683032989502
0.5637861490249634
0.3595051169395447
0.4940261244773865
0.5076358318328857
0.46327173709869385
0.0032116668298840523
0.8599286675453186
0.9195644855499268
0.8262315988540649
0.7505142688751221
0.5566133260726929
1.0182157754898071
0.8400728702545166
0.25725051760673523
0.5769962668418884
0.9162760972976685
0.5699321031570435
0.6908430457115173
0.17386332154273987
0.5603740215301514
0.4223531186580658
0.8978696465492249
0.8972987532615662
0.6171614527702332
1.2920180559158325
1.3010060787200928
0.7182725071907043
1.098435640335083
0.7925119996070862
0.18761317431926727
0.7849591970443726
0.5572556853294373
0.27663764357566833
0.46668002009391785
0.33428695797920227
0.9101102352142334
1.105168104171753
0.023359477519989014
0.35334905982017517
0.28719767928123474
0.9459760189056396
0.9697961807250977
1.008649230003357
0.9298425912857056
0.7882747650146484
0.3937297761440277
0.46916380524635315
1.0312579870224
1.0069390535354614
1.3851066827774048
0.13617369532585144
0.6686567068099976
0.3963915705680847
0.44385483860969543
0.4184713363647461
0.4083259701728821
1.145980715751648
0.9407148361206055
1.0678786039352417
0.47843137383461
0.4292907416820526
0.7912573218345642
0.6219746470451355
0.3928680121898651
0.6587841510772705
0.6507871150970459
1.0835168361663818
1.061322808265686
0.8141850829124451
0.8586511611938477
0.2505623698234558
0.7778447866439819
0.7687268257141113
0.5072917938232422
1.0840075016021729
0.7786728739738464
0.7584456205368042
0.44657769799232483
0.8826521635055542
0.9155963063240051
0.9132469296455383
0.3404060900211334
0.38260892033576965
0.7286851406097412
0.24394875764846802
0.30940577387809753
0.6596778035163879
0.3902462124824524
0.33501359820365906
0.01810292713344097
0.3711850941181183
0.6170334219932556
0.5302800536155701
0.5220137238502502
0.49926236271858215
0.15502147376537323
0.3530849814414978
0.33219432830810547
0.14070788025856018
0.8073230385780334
0.8448624610900879
0.44238293170928955
0.5676221251487732
0.7431823015213013
0.3897865414619446
0.21879348158836365
0.08125659078359604
0.4897630512714386
0.14623655378818512
0.2331174910068512
0.5691742897033691
0.5655291676521301
0.5658055543899536
0.2276804894208908
0.28039103746414185
0.42129945755004883
0.45182567834854126
0.5718415975570679
0.38637474179267883
0.26260486245155334
0.5244714617729187
0.14945341646671295
0.49742424488067627
0.44397369027137756
0.8972607851028442
0.5286582112312317
0.24759076535701752
0.23892807960510254
0.34080246090888977
0.25244054198265076
0.5381285548210144
0.5991459488868713
0.530555009841919
0.5749467611312866
0.10312268882989883
0.20498381555080414
0.3327179551124573
0.2475508749485016
0.19771358370780945
0.19083955883979797
0.09855714440345764
0.5316076874732971
0.5751940608024597
0.34376758337020874
0.29809918999671936
0.45448070764541626
0.4532674551010132
0.2950303852558136
0.12477020174264908
0.6948013305664062
0.3111998736858368
0.44648444652557373
0.1772230714559555
0.5103760361671448
0.3511960804462433
0.3490408658981323
0.5663442611694336
0.4049173891544342
0.3587320148944855
0.8098121285438538
0.1975761204957962
0.3884778916835785
0.7420021891593933
0.4686391055583954
0.35722532868385315
0.07259980589151382
0.42205002903938293
0.6850219964981079
0.6114867329597473
0.544898271560669
0.5720822811126709
0.1916918009519577
0.4048580229282379
0.34347444772720337
0.22523809969425201
0.8714485168457031
0.9143723249435425
0.5269479155540466
0.6207639575004578
0.8218526840209961
0.3777675926685333
0.2400798797607422
0.006808473728597164
0.528322696685791
0.10068948566913605
0.23265819251537323
0.6531189680099487
0.6143468022346497
0.5658717751502991
0.2558709681034088
0.28901928663253784
0.4808163642883301
0.417178750038147
0.6480655670166016
0.4377220869064331
0.32869628071784973
0.5779885649681091
0.21164438128471375
0.5507358312606812
0.4746115207672119
0.959651529788971
0.5457439422607422
0.3321983218193054
0.2895808219909668
0.405383825302124
0.310455322265625
0.5928602814674377
0.643024742603302
0.6105159521102905
0.640644907951355
0.08792741596698761
0.26136475801467896
0.4116416275501251
0.33229491114616394
0.23673203587532043
0.12184375524520874
0.09676588326692581
0.5730630159378052
0.6425440311431885
0.285971075296402
0.2993695139884949
0.4887021481990814
0.5382654666900635
0.37302544713020325
0.1972707062959671
0.7745401263237
0.25088316202163696
0.53153395652771
0.12868709862232208
0.5934438705444336
0.38122501969337463
0.3796362578868866
0.562900960445404
0.08505100756883621
0.265095978975296
0.31085169315338135
0.7435194253921509
0.20487168431282043
0.3406482934951782
0.6203253269195557
0.3402138948440552
0.42416679859161377
0.08688285946846008
0.28352612257003784
0.6640285849571228
0.547524094581604
0.6091479063034058
0.5395293235778809
0.24363762140274048
0.26593849062919617
0.24117888510227203
0.13836196064949036
0.7311080098152161
0.7752664089202881
0.4420126974582672
0.4818626046180725
0.7659972906112671
0.48394259810447693
0.12669089436531067
0.14116419851779938
0.5689584016799927
0.2298477441072464
0.32724493741989136
0.5394789576530457
0.4771827459335327
0.6590397357940674
0.31672945618629456
0.37344375252723694
0.3404425084590912
0.38712769746780396
0.5147177577018738
0.29906797409057617
0.18997210264205933
0.5911028981208801
0.22219504415988922
0.4116691052913666
0.34996557235717773
0.8192464113235474
0.617931604385376
0.2331634759902954
0.3154779374599457
0.3988150358200073
0.3218435049057007
0.6033340096473694
0.508567750453949
0.48354193568229675
0.5006460547447205
0.1935918778181076
0.2786202132701874
0.28535184264183044
0.2532952129840851
0.2833169400691986
0.1906207948923111
0.06592415273189545
0.44001370668411255
0.502977728843689
0.3097332715988159
0.2123517096042633
0.5367252230644226
0.4380533695220947
0.2458990067243576
0.18792280554771423
0.6460331082344055
0.2829151749610901
0.43564850091934204
0.2606322765350342
0.47601813077926636
0.2570510804653168
0.2549184560775757
0.6600181460380554
0.09417698532342911
0.1404067724943161
0.47259262204170227
0.7341048121452332
0.847149133682251
0.8229034543037415
0.7765587568283081
0.43769964575767517
0.4773889183998108
1.0584138631820679
0.8124932050704956
0.45212072134017944
0.9960559606552124
0.7738871574401855
1.2002931833267212
0.88865065574646
0.9120498299598694
0.4682161211967468
0.605522096157074
0.7101918458938599
0.07058897614479065
0.16460740566253662
0.6633515954017639
0.2568887770175934
0.9109736680984497
1.1716272830963135
0.6541813015937805
0.8724595308303833
1.1139010190963745
0.9578326940536499
1.0188840627670288
0.5058490037918091
0.27581825852394104
1.306442141532898
0.9704629182815552
1.0446557998657227
0.3913091719150543
0.7911218404769897
0.3359704315662384
0.4363986551761627
0.5503747463226318
1.0581251382827759
0.8539977669715881
0.32403913140296936
0.4563605487346649
0.09867723286151886
1.2253319025039673
0.6469103097915649
0.9191938638687134
0.8973992466926575
0.8981168270111084
1.0587754249572754
0.27546772360801697
0.412708044052124
0.24769476056098938
0.914766252040863
0.887239396572113
0.5243117213249207
0.6947135925292969
0.9301902055740356
0.8798427581787109
0.7822139263153076
0.3398224413394928
0.2548271417617798
0.8834686875343323
0.6581199169158936
1.1069411039352417
0.5931078791618347
0.5482208132743835
0.8187649846076965
0.3632434904575348
0.8849346041679382
0.6141785979270935
0.988919198513031
0.4877144992351532
0.527241051197052
0.5270605683326721
1.315561294555664
0.8122696280479431
0.8714813590049744
0.73130863904953
0.5077118277549744
0.5287325978279114
0.7538771033287048
0.3645884394645691
0.34434810280799866
0.7762393951416016
0.5313904881477356
0.19581298530101776
0.18621021509170532
0.5471419095993042
0.5820079445838928
0.562610924243927
0.3798026740550995
0.48819613456726074
0.09374769777059555
0.5288324356079102
0.5042436718940735
0.27393895387649536
0.9694404602050781
0.998614490032196
0.5128684043884277
0.7411001920700073
0.752439022064209
0.21258920431137085
0.39367613196372986
0.16401825845241547
0.3772084712982178
0.08545833081007004
0.06292067468166351
0.6754017472267151
0.7411862015724182
0.39645662903785706
0.1127648875117302
0.12111598998308182
0.5916894674301147
0.5852453112602234
0.7143158912658691
0.5620105862617493
0.43044912815093994
0.4470295011997223
0.15721775591373444
0.6712526679039001
0.6223154664039612
1.0609902143478394
0.3778422772884369
0.36409297585487366
0.17972464859485626
0.309561550617218
0.21245688199996948
0.4635625183582306
0.776401162147522
0.6617528200149536
0.7370643615722656
0.0840294137597084
0.1721387356519699
0.47468212246894836
0.33849215507507324
0.11906806379556656
0.2785029709339142
0.25655344128608704
0.7095614671707153
0.7350613474845886
0.4430040121078491
0.4643692970275879
0.3339117169380188
0.5455395579338074
0.4416630268096924
0.17756016552448273
0.8234636783599854
0.4069092571735382
0.5328242778778076
0.0844137966632843
0.6259028911590576
0.5292708277702332
0.5271888375282288
0.39440417289733887
0.17858991026878357
0.1700362116098404
0.2723550796508789
0.9797942042350769
0.27715033292770386
0.26005128026008606
0.9271411895751953
0.3813497722148895
0.6301403045654297
0.6248007416725159
0.4063035249710083
0.8035773038864136
0.46953487396240234
0.18977729976177216
0.9466871023178101
0.7642998695373535
0.9834016561508179
0.8169883489608765
0.6250230073928833
0.2007230818271637
0.1618540734052658
0.45468616485595703
0.5112740397453308
0.5921088457107544
0.6313083171844482
0.24358686804771423
0.9721720218658447
0.8680214285850525
0.2624608874320984
0.5048503875732422
0.9289869666099548
0.6011583209037781
0.7118977904319763
0.6043131947517395
0.21106092631816864
1.0431734323501587
0.6973133087158203
0.757675290107727
0.24058158695697784
0.31420913338661194
0.4646468758583069
0.18835623562335968
0.3045417368412018
0.9245936870574951
0.5908384919166565
0.21067796647548676
0.05828459933400154
0.5757130980491638
0.9959258437156677
0.47014909982681274
0.6812822222709656
0.7290924191474915
0.6776165962219238
0.9331094622612
0.20163364708423615
0.49375924468040466
0.352349191904068
0.5738811492919922
0.6433349251747131
0.3980379104614258
0.5209905505180359
0.6610091924667358
0.4600626230239868
0.40464192628860474
0.14172835648059845
0.36822521686553955
0.4189351201057434
0.2144937962293625
0.9032275676727295
0.5839460492134094
0.3831223249435425
0.5524068474769592
0.6011037230491638
0.42753827571868896
0.5959298014640808
0.6296634674072266
0.541944146156311
0.13082930445671082
0.13354305922985077
1.0446107387542725
0.4787878692150116
0.5009798407554626
0.38474735617637634
0.4770376980304718
0.655633270740509
0.7142664194107056
0.9760245680809021
0.366899698972702
0.8500337600708008
0.3480682969093323
0.6728400588035583
0.6222700476646423
0.37373030185699463
0.6240755319595337
0.7978211045265198
0.10051028430461884
0.30310407280921936
0.30517107248306274
0.17948688566684723
0.47713208198547363
0.7828904390335083
0.8820269107818604
0.5416309237480164
1.0231329202651978
0.9997480511665344
0.405020147562027
0.9202691912651062
0.3218823969364166
0.5034303069114685
0.7757530212402344
0.6587113738059998
0.21248425543308258
0.621920108795166
0.49854883551597595
0.5754035711288452
0.942365825176239
0.4561576545238495
0.42991572618484497
0.44967493414878845
0.7859247922897339
1.051939606666565
0.7319813370704651
0.8052804470062256
0.6735947132110596
0.10026413202285767
0.4572778642177582
0.8693180084228516
0.9240763783454895
1.110803246498108
0.34254133701324463
0.5081345438957214
0.37662726640701294
0.26678839325904846
0.35535120964050293
0.08264059573411942
0.9931367039680481
0.6552378535270691
0.8401690125465393
0.5909346342086792
0.40430352091789246
0.6005427837371826
0.4572197496891022
0.4341835379600525
0.7870832085609436
0.7019455432891846
0.9516133069992065
0.8265447020530701
0.9482843279838562
0.8692506551742554
0.25470688939094543
0.475024938583374
0.6026040315628052
0.4828522205352783
0.7511214017868042
0.9144031405448914
0.4541438817977905
0.6269533038139343
0.5808023810386658
0.8547666668891907
0.8516231775283813
0.4784259796142578
0.6060917377471924
0.6653913259506226
0.6653158068656921
1.067885398864746
0.5426035523414612
0.9780997037887573
0.3253699243068695
0.12115643173456192
0.9704381227493286
0.25884318351745605
0.624888002872467
0.7137728333473206
0.4613061249256134
0.7453917860984802
0.3974691331386566
0.25121793150901794
0.9515784978866577
0.7919204235076904
0.9314602613449097
0.8220053315162659
0.5648786425590515
0.2522208094596863
0.08690037578344345
0.42793378233909607
0.6449633240699768
0.7217901945114136
0.6637248992919922
0.37149134278297424
1.0082341432571411
0.7884774208068848
0.1978999674320221
0.4164310693740845
0.8903361558914185
0.5114356279373169
0.6377472281455994
0.6752325296401978
0.3427744209766388
0.9730026125907898
0.6379052996635437
0.6892773509025574
0.32409366965293884
0.18124793469905853
0.5604016184806824
0.2584127187728882
0.318651020526886
0.9035938382148743
0.5438064932823181
0.3247916102409363
0.16271695494651794
0.7126879692077637
0.9391556978225708
0.47441065311431885
0.637080192565918
0.7075342535972595
0.6404963731765747
0.9143170714378357
0.3394086956977844
0.5743845701217651
0.4663819670677185
0.4933578073978424
0.5996933579444885
0.4360555410385132
0.5185500979423523
0.605685293674469
0.3463338017463684
0.32091355323791504
0.2751147747039795
0.47992751002311707
0.2823890447616577
0.11310222744941711
0.8591163754463196
0.6284454464912415
0.40999096632003784
0.5078297853469849
0.702078640460968
0.2941865622997284
0.6363540291786194
0.5371749997138977
0.6091253161430359
0.14302535355091095
0.1458674669265747
0.9716796278953552
0.4105970561504364
0.41136616468429565
0.32264095544815063
0.6141095757484436
0.5773391127586365
0.13889729976654053
0.9689049124717712
0.34855684638023376
0.6974046230316162
0.6490306258201599
0.7455012202262878
0.593741774559021
0.24297460913658142
0.3073413074016571
0.888999879360199
0.6848331689834595
0.3648377060890198
0.7961650490760803
0.5737770199775696
1.0186474323272705
0.6914548277854919
0.7578862905502319
0.37556812167167664
0.55131995677948
0.560877799987793
0.1536766141653061
0.1641320437192917
0.46726515889167786
0.2283797562122345
0.7119771838188171
1.012864112854004
0.5651047229766846
0.7507994174957275
0.9278305768966675
0.8265268802642822
0.8662812113761902
0.3048695921897888
0.2650858163833618
1.1333013772964478
0.8093185424804688
0.8847393989562988
0.2878533601760864
0.7686435580253601
0.14013996720314026
0.35114797949790955
0.42271825671195984
0.8651518225669861
0.6957542300224304
0.26313525438308716
0.42682498693466187
0.24462154507637024
1.045832633972168
0.48102322220802307
0.7505396604537964
0.7138650417327881
0.7259919047355652
0.8647997975349426
0.2999265789985657
0.21596838533878326
0.12337192893028259
0.779407799243927
0.7216862440109253
0.3616430461406708
0.5234295725822449
0.7696821093559265
0.7843313217163086
0.6719446778297424
0.3317309319972992
0.11396440863609314
0.8241043090820312
0.5968120098114014
0.9245371222496033
0.397045373916626
0.3931652307510376
0.6637389659881592
0.17665159702301025
0.8175027370452881
0.41832029819488525
0.8571754097938538
0.28934141993522644
0.46649134159088135
0.46510910987854004
1.1442089080810547
0.6808992624282837
0.7511701583862305
0.6126085519790649
0.2009863257408142
0.8348153233528137
0.4688059687614441
0.8701158761978149
0.5879179835319519
0.35906341671943665
0.60768723487854
0.8196595907211304
0.695785641670227
0.6897962689399719
0.4239855110645294
0.3880598247051239
0.9572415947914124
0.6940301060676575
0.3289675712585449
0.937762439250946
0.7191335558891296
1.108224630355835
0.8222090601921082
0.8031108379364014
0.3457881808280945
0.47801607847213745
0.6013080477714539
0.16069810092449188
0.24986475706100464
0.5978285670280457
0.13100457191467285
0.8798744678497314
1.0632805824279785
0.5287733674049377
0.7518646717071533
1.0271269083023071
0.8394530415534973
0.9083476662635803
0.4669380187988281
0.14832258224487305
1.206516981124878
0.8647619485855103
0.937699019908905
0.27447888255119324
0.6666306257247925
0.28612780570983887
0.3132261633872986
0.4357631206512451
0.9813989996910095
0.7477790713310242
0.20009496808052063
0.32926833629608154
0.22515837848186493
1.1310862302780151
0.5486831068992615
0.8186874985694885
0.80975341796875
0.800326406955719
0.9838142991065979
0.15258732438087463
0.3581318259239197
0.16118712723255157
0.7979857325553894
0.7850035429000854
0.4276622235774994
0.5992922782897949
0.8244757652282715
0.754226565361023
0.6595460772514343
0.21327638626098633
0.17557431757450104
0.7560235857963562
0.5306459665298462
1.016233205795288
0.5292850732803345
0.4460873007774353
0.7112294435501099
0.3627855181694031
0.757439374923706
0.549345076084137
0.8704976439476013
0.43325573205947876
0.3999999463558197
0.39987996220588684
1.2142817974090576
0.694977343082428
0.7505472898483276
0.6110526919364929
0.1275063157081604
0.8661606907844543
0.3524981141090393
1.0013424158096313
0.48826223611831665
0.18669480085372925
0.6756788492202759
0.8921533226966858
0.46432581543922424
0.7543123364448547
0.30613240599632263
0.7088336944580078
0.6046023964881897
0.24772949516773224
0.530141294002533
0.7537675499916077
0.20880942046642303
0.3497079610824585
0.18964813649654388
0.21253705024719238
0.371171236038208
0.7373195886611938
0.8124203085899353
0.47272253036499023
1.033981204032898
1.0225245952606201
0.4164482057094574
0.8980116844177246
0.4299604594707489
0.3745877146720886
0.7013338208198547
0.555912971496582
0.08735304325819016
0.5087403059005737
0.37763911485671997
0.6041468977928162
0.9156829714775085
0.34167349338531494
0.31526699662208557
0.32571345567703247
0.754364550113678
0.9641546010971069
0.7403109073638916
0.763290286064148
0.6237434148788452
0.0313752144575119
0.3639052212238312
0.8406712412834167
0.873299241065979
1.1247633695602417
0.2272506207227707
0.46365946531295776
0.274616539478302
0.1951722651720047
0.26149675250053406
0.04779962822794914
0.9643906354904175
0.6649860143661499
0.8328676819801331
0.48283064365386963
0.307756632566452
0.5721273422241211
0.4101457893848419
0.32642292976379395
0.6842833161354065
0.6108956933021545
0.9156361818313599
0.8214468359947205
0.848456859588623
0.7930570840835571
0.12644556164741516
0.4853546619415283
0.5657933950424194
0.3951898515224457
0.783073902130127
0.813567042350769
0.46409499645233154
0.5105713605880737
0.5950425267219543
0.7961264848709106
0.7931050062179565
0.36270979046821594
0.512700080871582
0.5627062916755676
0.582819402217865
1.0717148780822754
0.4263489246368408
0.9241032600402832
0.1288529634475708
0.8984154462814331
0.8804450631141663
0.9921472072601318
0.4575579762458801
0.8345305919647217
0.566704511642456
0.8645718693733215
0.6162025928497314
0.16856999695301056
0.37534335255622864
0.9247933030128479
0.7724587917327881
0.4934993386268616
0.7561084628105164
0.5381835103034973
1.0313969850540161
0.6695559024810791
0.8170763850212097
0.5009905695915222
0.6854949593544006
0.6331717371940613
0.23568762838840485
0.17058348655700684
0.4603843688964844
0.3807084262371063
0.6330498456954956
1.0605679750442505
0.6831009387969971
0.8413088917732239
0.9331650137901306
0.9069714546203613
0.9243640303611755
0.2698715329170227
0.41791245341300964
1.1589926481246948
0.8584948778152466
0.9335986971855164
0.41493138670921326
0.9091964960098267
0.19519354403018951
0.4816172420978546
0.5230977535247803
0.8541358113288879
0.7521051168441772
0.40799638628959656
0.5720484852790833
0.2983303666114807
1.0621322393417358
0.5379896759986877
0.7911413908004761
0.7301045060157776
0.7621479630470276
0.8506547212600708
0.4537644386291504
0.24046191573143005
0.26535066962242126
0.8574084639549255
0.7676234245300293
0.43299397826194763
0.5698732137680054
0.8207988739013672
0.8923081159591675
0.7732589840888977
0.48326435685157776
0.2505728006362915
0.9503260254859924
0.7269531488418579
0.9375653862953186
0.3958342671394348
0.47048187255859375
0.7251279950141907
0.09096239507198334
0.9401165843009949
0.41607415676116943
0.9365045428276062
0.2899624705314636
0.6010069251060486
0.5992283821105957
1.1725153923034668
0.7654891610145569
0.8427321314811707
0.7099071145057678
0.303873747587204
0.9019586443901062
0.6174161434173584
0.8412802219390869
0.730198860168457
0.15383978188037872
0.332785040140152
0.8740163445472717
0.6343183517456055
0.756159245967865
0.6346483826637268
0.5999710559844971
0.3208656907081604
0.7848401665687561
0.605388343334198
0.045812640339136124
0.3919772803783417
0.6972932815551758
0.40621209144592285
0.47508180141448975
0.14464229345321655
0.3566914498806
0.22239118814468384
0.6791562438011169
0.706063449382782
0.39581137895584106
1.0568512678146362
1.0647261142730713
0.48632410168647766
0.8717556595802307
0.6135298609733582
0.16908416152000427
0.5914745330810547
0.395759254693985
0.1419692486524582
0.3270520865917206
0.18289656937122345
0.6767949461936951
0.8811588883399963
0.22499926388263702
0.1498955637216568
0.12460943311452866
0.7198078036308289
0.8190256953239441
0.7724083662033081
0.7099111676216125
0.5663648843765259
0.23898787796497345
0.2513118386268616
0.8062720894813538
0.7986403703689575
1.1499024629592896
0.15433818101882935
0.43576374650001526
0.16646140813827515
0.2124212086200714
0.18398335576057434
0.25661417841911316
0.9243914484977722
0.7044408917427063
0.834621787071228
0.3151191174983978
0.20271946489810944
0.5581064224243164
0.3874262571334839
0.18175272643566132
0.5181192755699158
0.47294458746910095
0.8651701807975769
0.8273956179618835
0.6834990978240967
0.6751288771629333
0.09581674635410309
0.54350745677948
0.5378279089927673
0.2900901436805725
0.849053680896759
0.6475042104721069
0.5245764851570129
0.321211576461792
0.6471036076545715
0.7108666300773621
0.7082231044769287
0.23631101846694946
0.3773750066757202
0.40239575505256653
0.46496158838272095
1.0820671319961548
0.24161450564861298
0.841640055179596
0.3391987979412079
0.7870322465896606
0.9083385467529297
0.9838807582855225
0.2111201137304306
0.9370635151863098
0.022137755528092384
0.40022602677345276
0.6447482109069824
0.3959810137748718
0.35228896141052246
0.4072601795196533
0.13411414623260498
0.5822176933288574
0.3216867744922638
0.10174112766981125
0.6592915654182434
0.4753856062889099
0.7446521520614624
0.5302537679672241
0.4224410951137543
0.08879783749580383
0.25439703464508057
0.2213188260793686
0.4875537157058716
0.5287744998931885
0.34303736686706543
0.26065725088119507
0.6862626671791077
0.6825457215309143
0.21623824536800385
0.3857404589653015
0.6745480895042419
0.46600255370140076
0.5273404717445374
0.3517717123031616
0.2687463164329529
0.8314553499221802
0.4858047366142273
0.5576900839805603
0.1082138791680336
0.4830200970172882
0.2773471474647522
0.10856714844703674
0.057349175214767456
0.65231853723526
0.3690044581890106
0.19387173652648926
0.2323002815246582
0.5775121450424194
0.7638434767723083
0.19237034022808075
0.4459838271141052
0.462344765663147
0.4322778582572937
0.6588840484619141
0.31326156854629517
0.2641485631465912
0.2554458677768707
0.4215047359466553
0.41035500168800354
0.10988669097423553
0.24586647748947144
0.44569411873817444
0.4220050573348999
0.30617058277130127
0.25983813405036926
0.2567773461341858
0.4876762330532074
0.2793300449848175
0.6564067602157593
0.30109912157058716
0.09473687410354614
0.33159366250038147
0.4165380597114563
0.47362372279167175
0.3106814920902252
0.49702188372612
0.2846524715423584
0.18723778426647186
0.18417026102542877
0.8378271460533142
0.3198104798793793
0.38577979803085327
0.2465180903673172
0.4939206838607788
0.4860965311527252
0.2894870340824127
0.696723461151123
0.3287782073020935
0.3661714196205139
0.38100719451904297
0.6560106873512268
0.4709131419658661
0.6124440431594849
0.6348581314086914
0.9339922666549683
0.2568276822566986
0.8243398666381836
0.29003697633743286
0.5550147294998169
0.5300668478012085
0.41776737570762634
0.6015756726264954
0.7210686802864075
0.040017567574977875
0.18695484101772308
0.3976096212863922
0.09085339307785034
0.47718140482902527
0.7076094746589661
0.826355516910553
0.4945334196090698
0.9117293953895569
0.8842830657958984
0.3019512891769409
0.8264577388763428
0.22317348420619965
0.5624380707740784
0.7268898487091064
0.6470201015472412
0.29427412152290344
0.6276713013648987
0.5236510038375854
0.46043145656585693
0.8511690497398376
0.5496640801429749
0.44620808959007263
0.4841909110546112
0.7000195980072021
1.0135066509246826
0.6235426664352417
0.7267884612083435
0.6042364239692688
0.17731504142284393
0.4418572783470154
0.7802331447601318
0.8508519530296326
0.9979116916656494
0.43523934483528137
0.44013744592666626
0.3782827854156494
0.2503878176212311
0.3490367531776428
0.16412565112113953
0.9028155207633972
0.5470200777053833
0.7384242415428162
0.5892921090126038
0.39664116501808167
0.516352117061615
0.3943009376525879
0.43938374519348145
0.7723150253295898
0.6735324263572693
0.8666826486587524
0.723757266998291
0.9266061782836914
0.8204626441001892
0.3272188603878021
0.3700275719165802
0.5246797800064087
0.4590515196323395
0.6339673399925232
0.8946276307106018
0.35000982880592346
0.638468325138092
0.4715750515460968
0.7892882227897644
0.7860873937606812
0.570612370967865
0.5835340023040771
0.6533471941947937
0.6279328465461731
0.959181547164917
0.5565388798713684
0.9068888425827026
0.12089306116104126
0.9128471612930298
0.7597095966339111
0.8992995619773865
0.20799535512924194
0.7235847115516663
0.3933545649051666
0.6193469166755676
0.5397798418998718
0.7672879099845886
0.4379366934299469
0.6386010050773621
0.17222729325294495
0.6057624816894531
0.4735238254070282
0.21330422163009644
0.4126425087451935
0.6175507307052612
0.2379101663827896
0.275999516248703
0.26568812131881714
0.1591413915157318
0.2696358561515808
0.6011021137237549
0.6804827451705933
0.33948415517807007
0.9114354252815247
0.9065164923667908
0.3058417737483978
0.7641666531562805
0.422745943069458
0.3640625774860382
0.5710691809654236
0.4483256936073303
0.1692214161157608
0.41827133297920227
0.31015145778656006
0.49826398491859436
0.7809275388717651
0.401439905166626
0.23288282752037048
0.2727895677089691
0.6191530823707581
0.8419930338859558
0.6189345717430115
0.6271125674247742
0.48759227991104126
0.13683494925498962
0.24584728479385376
0.7057310342788696
0.7373947501182556
1.003285527229309
0.29759669303894043
0.32769039273262024
0.16885550320148468
0.05971095710992813
0.1444949209690094
0.14747890830039978
0.8292242884635925
0.5454452037811279
0.7036988735198975
0.383434921503067
0.1935863345861435
0.43824243545532227
0.27412670850753784
0.22897833585739136
0.5763882994651794
0.49087223410606384
0.7797008156776428
0.6931853294372559
0.7369380593299866
0.6638097763061523
0.17249901592731476
0.37069129943847656
0.4303571879863739
0.27188804745674133
0.6756577491760254
0.7031876444816589
0.35004663467407227
0.42701634764671326
0.47954797744750977
0.6612082123756409
0.658159613609314
0.4181075394153595
0.3946737051010132
0.454950213432312
0.45648759603500366
0.9457497596740723
0.34410497546195984
0.7885932922363281
0.21145500242710114
0.7669472694396973
0.7586955428123474
0.8615825176239014
0.13621975481510162
0.7658647894859314
0.19986997544765472
0.5199733376502991
0.21356207132339478
0.2400045543909073
0.6415538787841797
0.44232627749443054
0.6247014403343201
0.3277243673801422
0.17733903229236603
0.10917484015226364
0.6321200728416443
0.4931224584579468
0.3153247833251953
0.5375683903694153
0.31894731521606445
0.7509588003158569
0.42523112893104553
0.522397518157959
0.31208136677742004
0.49455541372299194
0.3458138108253479
0.4239709973335266
0.41898006200790405
0.19968363642692566
0.34227466583251953
0.49563467502593994
0.7655726075172424
0.45161595940589905
0.5629686117172241
0.6582168936729431
0.6199062466621399
0.6292815208435059
0.11118701100349426
0.3731817603111267
0.8710805773735046
0.5631782412528992
0.6383643746376038
0.255831241607666
0.7241404056549072
0.13033807277679443
0.3116642236709595
0.276142954826355
0.595085084438324
0.4571891129016876
0.3133481740951538
0.4386195242404938
0.5149803161621094
0.7793653607368469
0.24512054026126862
0.4967932403087616
0.44622400403022766
0.4687928557395935
0.5951787233352661
0.4251868724822998
0.05734473094344139
0.24046018719673157
0.5694625973701477
0.4724307656288147
0.15827493369579315
0.2745233476161957
0.5254182815551758
0.6329607963562012
0.5088738203048706
0.40779411792755127
0.22493502497673035
0.7220044732093811
0.5205942392349243
0.6566890478134155
0.12979160249233246
0.1976177841424942
0.43140193819999695
0.21465125679969788
0.7043824195861816
0.1505514681339264
0.6484676599502563
0.045872561633586884
0.42107880115509033
0.4182814657688141
0.8833864331245422
0.48372170329093933
0.5653421878814697
0.44307640194892883
0.46402448415756226
0.608832836151123
0.4960930347442627
0.6046937704086304
0.5640782117843628
0.27047327160835266
0.40043818950653076
0.6100104451179504
0.2953805923461914
0.6471211314201355
0.2413756549358368
0.49939507246017456
0.48899567127227783
0.1240064948797226
0.3638531565666199
0.6575188040733337
0.3199095129966736
0.30554309487342834
0.4809870421886444
0.1983620673418045
0.49406924843788147
0.21850283443927765
0.16998820006847382
0.6297166347503662
0.47195205092430115
0.6650078892707825
0.49982187151908875
0.32643944025039673
0.15170109272003174
0.2375832498073578
0.13195577263832092
0.5908757448196411
0.6306977272033691
0.3484886884689331
0.3569619655609131
0.6904647946357727
0.5853602290153503
0.156048983335495
0.28346580266952515
0.6036468744277954
0.362679123878479
0.42873015999794006
0.4085586667060852
0.35979947447776794
0.7416685223579407
0.3932651877403259
0.46271055936813354
0.20684336125850677
0.44758492708206177
0.3684600293636322
0.1832645833492279
0.04614214971661568
0.5966271758079529
0.278263121843338
0.28766122460365295
0.27791130542755127
0.6807743310928345
0.681209146976471
0.15130916237831116
0.36242347955703735
0.4009857475757599
0.35411888360977173
0.6054095029830933
0.39938944578170776
0.3411034345626831
0.3586674928665161
0.31842464208602905
0.3251911401748657
0.14788426458835602
0.19714152812957764
0.353855699300766
0.33085471391677856
0.20969773828983307
0.3378114402294159
0.3595101535320282
0.41937577724456787
0.24188390374183655
0.5806557536125183
0.3258780539035797
0.10984548926353455
0.23965615034103394
0.5017516613006592
0.3999162018299103
0.32896992564201355
0.3937017619609833
0.34254521131515503
0.20175638794898987
0.19863395392894745
0.7466071844100952
0.21649932861328125
0.283829003572464
0.14662261307239532
0.5964566469192505
0.3848530650138855
0.3281068503856659
0.6531169414520264
0.32310301065444946
0.4673503637313843
0.48132190108299255
0.5960241556167603
0.5636371374130249
0.5276554822921753
0.10332438349723816
0.5906580090522766
0.4604959785938263
0.3053569197654724
0.03588992729783058
0.43848127126693726
0.6208809614181519
0.4393708109855652
0.3567485511302948
0.3658597767353058
0.10157286375761032
0.6045231223106384
0.3600969910621643
0.11762797087430954
0.6521378755569458
0.45928382873535156
0.7611414790153503
0.5246262550354004
0.45096567273139954
0.1104758083820343
0.2905270755290985
0.2489442080259323
0.45117565989494324
0.48867926001548767
0.32578709721565247
0.2399875819683075
0.6653329133987427
0.710953950881958
0.2592310607433319
0.4255014657974243
0.6865951418876648
0.5032497644424438
0.557449221611023
0.31530794501304626
0.2536991536617279
0.853950023651123
0.5114996433258057
0.5847418904304504
0.09168775379657745
0.5205449461936951
0.23381395637989044
0.11878635734319687
0.09764554351568222
0.6569498181343079
0.3945409953594208
0.17830970883369446
0.2486124485731125
0.5421838760375977
0.7820068001747131
0.20181065797805786
0.46655720472335815
0.47145697474479675
0.4500885307788849
0.6624234318733215
0.3017275929450989
0.2227645367383957
0.2185162752866745
0.4575478136539459
0.43219900131225586
0.09577580541372299
0.2549349367618561
0.4712017774581909
0.46518152952194214
0.3483826816082001
0.2561412453651428
0.21811915934085846
0.5303983092308044
0.3189883828163147
0.6711349487304688
0.2772230803966522
0.09749779105186462
0.35830819606781006
0.3732653558254242
0.5168082118034363
0.289126992225647
0.5341446995735168
0.24873429536819458
0.21768201887607574
0.21479815244674683
0.861297607421875
0.3570834994316101
0.42583298683166504
0.28758949041366577
0.46147459745407104
0.5190045833587646
0.30684003233909607
0.6954724192619324
0.3606477975845337
0.32533982396125793
0.35332009196281433
0.6626800298690796
0.4274667501449585
0.6325373649597168
0.04353518411517143
0.6121213436126709
0.5275208353996277
0.20418506860733032
0.14203587174415588
0.3954069912433624
0.7858989238739014
0.2724427282810211
0.7427247166633606
0.30852943658828735
0.18467584252357483
0.2595570981502533
0.6136410236358643
0.5726705193519592
0.47743725776672363
0.40622660517692566
0.18576443195343018
0.6929383873939514
0.31763163208961487
0.550529956817627
0.471571683883667
0.6445452570915222
0.4200306236743927
0.5438925623893738
0.5121747255325317
0.1336604803800583
0.5100656151771545
0.32818636298179626
0.7607285380363464
0.5836086273193359
0.6403923630714417
0.5907895565032959
0.6761252284049988
0.6477529406547546
0.09032987058162689
0.5422354340553284
0.829842209815979
0.5709468722343445
0.641044020652771
0.42409858107566833
0.8696725964546204
0.26795104146003723
0.4757668375968933
0.411698579788208
0.5040260553359985
0.4866611361503601
0.48382335901260376
0.6048296093940735
0.6276729106903076
0.7260659337043762
0.31406983733177185
0.4945831596851349
0.40414562821388245
0.4609347879886627
0.4995533227920532
0.5939347743988037
0.19730240106582642
0.39984259009361267
0.6255602836608887
0.4817666709423065
0.287471204996109
0.3144727349281311
0.539316713809967
0.7329506874084473
0.6090729236602783
0.5782971382141113
0.38239195942878723
0.84513920545578
0.6630467176437378
0.6010552048683167
0.10670049488544464
0.3205331563949585
0.4728836119174957
0.2623206377029419
0.8228258490562439
0.11320709437131882
0.7008519768714905
0.1269829273223877
0.5777592658996582
0.574772298336029
0.8457416892051697
0.5592401623725891
0.644284188747406
0.5444856286048889
0.5960822105407715
0.6437379121780396
0.6628274917602539
0.4888065457344055
0.7200348973274231
0.395096093416214
0.5538608431816101
0.5256193280220032
0.352663516998291
0.6165604591369629
0.3913426995277405
0.3721741735935211
0.42890483140945435
0.17050358653068542
0.4282287657260895
0.36111709475517273
0.3264579176902771
0.5356866717338562
0.8488144278526306
0.6323012709617615
0.678992748260498
0.4675750136375427
0.38199156522750854
0.930625319480896
0.6487857103347778
0.2804085910320282
0.9463806748390198
0.7324733734130859
1.089339256286621
0.826068639755249
0.769270122051239
0.29837605357170105
0.41133251786231995
0.5695195198059082
0.23774884641170502
0.3263924717903137
0.6055256724357605
0.08829005807638168
0.9063621759414673
1.0286682844161987
0.4717942178249359
0.702976405620575
1.013290286064148
0.7934653162956238
0.8720106482505798
0.4955199062824249
0.08683031797409058
1.1799477338790894
0.8340606093406677
0.9052016139030457
0.24047571420669556
0.5921987295150757
0.3164389729499817
0.26508599519729614
0.399440199136734
0.9760798811912537
0.7174238562583923
0.1557168811559677
0.2596658170223236
0.29763808846473694
1.1101351976394653
0.5293684601783752
0.7936983108520508
0.7968191504478455
0.7781689167022705
0.9798578023910522
0.07660825550556183
0.3810163140296936
0.17887887358665466
0.7544589638710022
0.7585447430610657
0.41294968128204346
0.5818667411804199
0.7940439581871033
0.6955822110176086
0.607632040977478
0.14258214831352234
0.19707122445106506
0.6875185370445251
0.4649421274662018
0.999051034450531
0.5397086143493652
0.4249970614910126
0.6797505617141724
0.4145343005657196
0.6907863616943359
0.5585598945617676
0.8243042826652527
0.4530625343322754
0.3371913433074951
0.3374648094177246
1.1863709688186646
0.6514229774475098
0.7011173963546753
0.563681423664093
0.19896405935287476
0.8263453245162964
0.27807530760765076
1.0036048889160156
0.4153619110584259
0.24422375857830048
0.07711009681224823
0.984494149684906
0.39638838171958923
0.9600207805633545
0.3485478162765503
0.9071333408355713
0.8511514067649841
0.41511252522468567
0.44333699345588684
0.3282172679901123
0.5782021880149841
0.30752137303352356
0.17199304699897766
0.8711537718772888
0.10013394057750702
0.47843605279922485
0.7012165784835815
0.4197479486465454
0.5454270243644714
0.1968059241771698
0.28346654772758484
0.8034431338310242
0.6781114935874939
0.733230471611023
0.6780798435211182
0.36679208278656006
0.2708866596221924
0.14642298221588135
0.27380797266960144
0.7421914935112
0.8012356758117676
0.5644304752349854
0.47209998965263367
0.8976414799690247
0.5805339813232422
0.08140300959348679
0.20822465419769287
0.7014721632003784
0.30313462018966675
0.4315562844276428
0.6341416239738464
0.4566787779331207
0.7666485905647278
0.43876123428344727
0.484844833612442
0.3582307994365692
0.24719282984733582
0.5730304718017578
0.29839783906936646
0.2527293860912323
0.7295386791229248
0.35688063502311707
0.4063154458999634
0.2927273213863373
0.823545515537262
0.738253653049469
0.35556039214134216
0.4491138458251953
0.5384280681610107
0.4586719274520874
0.7421318292617798
0.47492721676826477
0.5587992668151855
0.5247765779495239
0.2862813174724579
0.4134841859340668
0.3732905983924866
0.38487040996551514
0.40992796421051025
0.154709592461586
0.11596356332302094
0.40339669585227966
0.5320031642913818
0.19348721206188202
0.09735211730003357
0.6666840314865112
0.5497401356697083
0.3360258638858795
0.32514047622680664
0.7131105065345764
0.17706990242004395
0.5508930087089539
0.3291916847229004
0.5676298141479492
0.2051973044872284
0.20471951365470886
0.764629065990448
0.21223010122776031
0.20307637751102448
0.13994264602661133
0.728986918926239
0.3702920377254486
0.3081287741661072
0.8050788640975952
0.2083243578672409
0.6458899974822998
0.6025297045707703
0.720162570476532
0.764477014541626
0.5886562466621399
0.29660025238990784
0.7670192718505859
0.595709502696991
0.5286020040512085
0.22631408274173737
0.3398536443710327
0.6536317467689514
0.5420147776603699
0.3960799276828766
0.5780596733093262
0.5500975847244263
0.45015013217926025
0.1348821371793747
0.5832427740097046
0.3715604245662689
0.21267783641815186
0.2245507836341858
0.4623490571975708
0.411734938621521
0.3554498851299286
0.37118613719940186
0.2988145351409912
0.11604011803865433
0.44453465938568115
0.49793505668640137
0.16384188830852509
0.8235255479812622
0.837835967540741
0.3056693971157074
0.6330336332321167
0.5547927618026733
0.33837154507637024
0.38591521978378296
0.2676485776901245
0.31080499291419983
0.26074740290641785
0.20978723466396332
0.4783729910850525
0.6430559754371643
0.46127817034721375
0.1366870254278183
0.21131891012191772
0.48127663135528564
0.6522632241249084
0.5460001230239868
0.47426506876945496
0.33043140172958374
0.32347965240478516
0.06333570927381516
0.5679601430892944
0.5711159706115723
0.9165992736816406
0.3895115554332733
0.19892555475234985
0.07346842437982559
0.13439862430095673
0.05951356887817383
0.33588019013404846
0.6871365308761597
0.48346900939941406
0.5980443954467773
0.21603339910507202
0.045389752835035324
0.32149001955986023
0.15484631061553955
0.10155397653579712
0.393067866563797
0.3013993501663208
0.6297343969345093
0.591715931892395
0.5501095652580261
0.47736304998397827
0.2860265076160431
0.3450011909008026
0.2993718981742859
0.08231191337108612
0.6383833289146423
0.5171495676040649
0.330130010843277
0.27879080176353455
0.43606045842170715
0.4881114661693573
0.4852304756641388
0.4698595404624939
0.2064608782529831
0.2739260196685791
0.2676319479942322
0.845737099647522
0.209467351436615
0.6182647347450256
0.40055549144744873
0.5834242701530457
0.6779707670211792
0.7454361915588379
0.3157014548778534
0.7223395705223083
0.23881976306438446
0.37434178590774536
0.37948447465896606
0.1897694170475006
0.4272170662879944
0.2946668863296509
0.39371806383132935
0.43825581669807434
0.7213140726089478
0.40625929832458496
0.4620698392391205
0.8619199991226196
0.2755313813686371
0.8319799304008484
0.41240108013153076
0.13460996747016907
0.32803142070770264
0.715377151966095
0.6716060638427734
0.5373883843421936
0.46889039874076843
0.2626040577888489
0.785889744758606
0.3997814953327179
0.6547661423683167
0.53452068567276
0.7162038087844849
0.5186267495155334
0.5122661590576172
0.46383136510849
0.2376144975423813
0.5332460999488831
0.34060966968536377
0.8634636998176575
0.666059672832489
0.7400863766670227
0.6820034980773926
0.7788975834846497
0.7520567774772644
0.11138759553432465
0.5685754418373108
0.9262163639068604
0.6750418543815613
0.7447225451469421
0.47429144382476807
0.9449948668479919
0.2739938497543335
0.5330760478973389
0.4909900426864624
0.5878565311431885
0.5907407402992249
0.520182728767395
0.6580153703689575
0.5877910852432251
0.8200640082359314
0.4118026793003082
0.5983968377113342
0.5042657852172852
0.5645365118980408
0.5814211964607239
0.6181817054748535
0.22263255715370178
0.41257449984550476
0.7281885743141174
0.5860505700111389
0.3670881688594818
0.4165388345718384
0.6436219811439514
0.8280206322669983
0.7034622430801392
0.6143214106559753
0.3937942385673523
0.9326735138893127
0.7400239109992981
0.6956070065498352
0.20607590675354004
0.40364280343055725
0.5762109160423279
0.21259643137454987
0.9121964573860168
0.21585823595523834
0.8040457367897034
0.17766384780406952
0.6435385346412659
0.6407346725463867
0.9428560733795166
0.6588301062583923
0.743721604347229
0.6380839943885803
0.5721741318702698
0.7478832006454468
0.7146821022033691
0.5598751306533813
0.7865437865257263
0.37578243017196655
0.5524844527244568
0.6117966175079346
0.2948073446750641
0.7164561152458191
0.46206557750701904
0.43954285979270935
0.5248095393180847
0.22246727347373962
0.5133631825447083
0.4263663589954376
0.10434553772211075
0.5897766351699829
0.7396523356437683
0.5425972938537598
0.1819630116224289
0.2233806550502777
0.8049280643463135
0.23984254896640778
0.45449551939964294
0.5830583572387695
0.31071099638938904
0.6009894609451294
0.2675674855709076
0.1422315090894699
0.7806517481803894
0.6227654814720154
0.7824883460998535
0.6509840488433838
0.42185869812965393
0.13117660582065582
0.08560582250356674
0.26181668043136597
0.6000746488571167
0.6600354909896851
0.49657580256462097
0.3308466076850891
0.8403372168540955
0.6656741499900818
0.06831043213605881
0.3090571165084839
0.7326708436012268
0.40419191122055054
0.5090169906616211
0.528827965259552
0.3174084424972534
0.8397919535636902
0.49435877799987793
0.5543025732040405
0.21891331672668457
0.3067750930786133
0.4437788128852844
0.15679439902305603
0.1527899205684662
0.7379315495491028
0.3900691866874695
0.2643391788005829
0.16932222247123718
0.6816802620887756
0.793897807598114
0.3033692240715027
0.4818883538246155
0.5414251089096069
0.4810526669025421
0.7479352355003357
0.34017664194107056
0.4400290548801422
0.38446611166000366
0.3732399344444275
0.4439542293548584
0.27584850788116455
0.34758448600769043
0.4585748612880707
0.29263702034950256
0.2095491886138916
0.2691316306591034
0.39265933632850647
0.31940674781799316
0.10188273340463638
0.7046335935592651
0.4664244055747986
0.24536137282848358
0.3521641194820404
0.586083173751831
0.3109733760356903
0.47240695357322693
0.4338310658931732
0.46161606907844543
0.0757812112569809
0.07392802089452744
0.8412889242172241
0.27596229314804077
0.3060290813446045
0.18178872764110565
0.587593674659729
0.45373883843421936
0.20338155329227448
0.8000195026397705
0.17112873494625092
0.5066052079200745
0.4616449475288391
0.7345107197761536
0.630964994430542
0.6398019194602966
0.1774531453847885
0.7418345808982849
0.6010980606079102
0.4187602698802948
0.1521095335483551
0.2173052281141281
0.5632676482200623
0.4036785662174225
0.14211799204349518
0.4224265515804291
0.6385856866836548
0.29240748286247253
0.5049431324005127
0.5566860437393188
0.3989091217517853
0.1428791582584381
0.5164790749549866
0.27870142459869385
0.3133362829685211
0.18885299563407898
0.3590407073497772
0.4665845036506653
0.3584230840206146
0.4748528301715851
0.3413713276386261
0.17413440346717834
0.34136587381362915
0.4090041220188141
0.06775985658168793
0.728055477142334
0.7480280995368958
0.2720574140548706
0.5298422574996948
0.5735864043235779
0.4271545112133026
0.30168670415878296
0.2512081265449524
0.41069096326828003
0.2817292809486389
0.2821369767189026
0.41736578941345215
0.539352297782898
0.5627452731132507
0.22405879199504852
0.29915255308151245
0.377819687128067
0.5836437940597534
0.45892199873924255
0.37072956562042236
0.2269778698682785
0.4087645709514618
0.11010438948869705
0.4643424451351166
0.47070059180259705
0.8209167718887329
0.493307501077652
0.10589835792779922
0.17561356723308563
0.21227774024009705
0.1624770164489746
0.4189431369304657
0.5833151340484619
0.40267547965049744
0.49967703223228455
0.2309596985578537
0.1410311907529831
0.22503115236759186
0.08081529289484024
0.18405960500240326
0.3610302209854126
0.24866943061351776
0.52616286277771
0.4945065379142761
0.5031065344810486
0.3952747583389282
0.3885318636894226
0.29156655073165894
0.1989596039056778
0.08264963328838348
0.5634757280349731
0.4733952581882477
0.2817192077636719
0.3075292110443115
0.3659200370311737
0.39070460200309753
0.38771674036979675
0.5702959299087524
0.1726599484682083
0.2559961676597595
0.1981707066297531
0.7471134066581726
0.26020121574401855
0.5196385979652405
0.474089652299881
0.4956936240196228
0.5859304666519165
0.6439861059188843
0.4057407081127167
0.6431336402893066
0.341988205909729
0.2706090807914734
0.4300553500652313
0.27192962169647217
0.3489537835121155
0.19296453893184662
0.2912101149559021
0.39484214782714844
0.618084728717804
0.33696508407592773
0.1038215234875679
0.4972408413887024
0.3291758596897125
0.5097974538803101
0.1104152575135231
1.1140506267547607
0.19656623899936676
0.7228165864944458
0.9105059504508972
0.6387228965759277
0.7504615783691406
0.41990694403648376
0.4532780349254608
1.0461020469665527
0.9224222302436829
0.9373788833618164
0.9219824075698853
0.5826560258865356
0.4485987722873688
0.2602098286151886
0.5186225771903992
0.8698328733444214
0.9456751346588135
0.8059353828430176
0.5957149863243103
1.1420657634735107
0.7490965723991394
0.30396130681037903
0.4004133939743042
0.9210782051086426
0.4757789671421051
0.6208972930908203
0.8568553924560547
0.5676265954971313
0.9432199001312256
0.6493970155715942
0.6793158650398254
0.5311647057533264
0.05535179004073143
0.7657707333564758
0.46404919028282166
0.4756437838077545
0.9620531797409058
0.5870327949523926
0.545540452003479
0.3867693841457367
0.9371720552444458
0.9360404014587402
0.5986996293067932
0.6752873063087463
0.7760391235351562
0.6900285482406616
0.9757010340690613
0.5633062720298767
0.7677837610244751
0.6846651434898376
0.48073336482048035
0.6424041986465454
0.6001983880996704
0.6297894716262817
0.6277065873146057
0.2802574932575226
0.34062090516090393
0.500004768371582
0.696824312210083
0.12529172003269196
0.22661921381950378
0.8822021484375
0.7857437133789062
0.5661503672599792
0.559698224067688
0.9086692333221436
0.15903601050376892
0.7888982892036438
0.4915619194507599
0.7896177172660828
0.34405064582824707
0.34593287110328674
0.9365401268005371
0.43759074807167053
0.3937045931816101
0.38245776295661926
0.838528037071228
0.5582532286643982
0.3617263734340668
1.0425443649291992
0.22491471469402313
0.8075335025787354
0.7130523920059204
0.949795663356781
0.9449363946914673
0.7958459854125977
0.5059439539909363
1.0102870464324951
0.8314870595932007
0.7471494674682617
0.4599986970424652
0.5454356670379639
0.8866816163063049
0.6396040916442871
0.2450430542230606
0.6419889330863953
0.9659791588783264
0.32850193977355957
0.58061283826828
0.2944028973579407
0.2150643914937973
0.8346492052078247
0.12009016424417496
0.4375557005405426
0.6799852252006531
0.3973453640937805
0.5043914914131165
0.15531174838542938
0.2828235626220703
0.7616408467292786
0.6403549909591675
0.6918941140174866
0.6368439197540283
0.32507896423339844
0.268298864364624
0.1740926057100296
0.2335914671421051
0.7427610158920288
0.7974284887313843
0.5294402241706848
0.47748321294784546
0.8595952987670898
0.5445141792297363
0.07988101243972778
0.17388032376766205
0.6588201522827148
0.2700957953929901
0.39333945512771606
0.6083454489707947
0.46526017785072327
0.7286112308502197
0.397402286529541
0.44546791911125183
0.3536309003829956
0.28972920775413513
0.558239221572876
0.29833078384399414
0.23210690915584564
0.6864810585975647
0.31388846039772034
0.4096129536628723
0.3108890652656555
0.8264797329902649
0.6976059675216675
0.31984639167785645
0.40624693036079407
0.4955838620662689
0.41560712456703186
0.6991003751754761
0.4877682030200958
0.5387172102928162
0.5201460719108582
0.24901722371578217
0.3705054521560669
0.3479016423225403
0.3463270366191864
0.3678377866744995
0.14676357805728912
0.07647503167390823
0.4164828360080719
0.5259241461753845
0.222029447555542
0.13142484426498413
0.6243628263473511
0.518242597579956
0.30951932072639465
0.28206923604011536
0.6962453722953796
0.20028212666511536
0.5182485580444336
0.2976469099521637
0.5425330996513367
0.21924154460430145
0.2181631326675415
0.7272408604621887
0.17016905546188354
0.16940833628177643
0.09764137864112854
0.733623206615448
0.33294475078582764
0.33291128277778625
0.7622905373573303
0.24444454908370972
0.6392000913619995
0.608474850654602
0.6770951151847839
0.7516847848892212
0.5472618937492371
0.2809391915798187
0.7254559397697449
0.5527474284172058
0.5051928162574768
0.20003125071525574
0.3244687616825104
0.6232452988624573
0.551639974117279
0.04307297244668007
0.36323902010917664
0.7119289636611938
0.14800000190734863
0.29549849033355713
0.2852613925933838
0.5865590572357178
0.8819559812545776
0.2736283242702484
0.7728250622749329
0.23805774748325348
0.5306156277656555
0.48547208309173584
0.3830357491970062
0.5505760312080383
0.6723009347915649
0.09022776037454605
0.16132311522960663
0.3846932649612427
0.040311042219400406
0.4299148619174957
0.6585214734077454
0.7748095393180847
0.4424939751625061
0.8789085149765015
0.8559175133705139
0.26216161251068115
0.7829257249832153
0.25135940313339233
0.5311108231544495
0.6749498844146729
0.5971276164054871
0.27906084060668945
0.5806570053100586
0.4817441999912262
0.4316672086715698
0.806649923324585
0.5349389910697937
0.4028203785419464
0.4453814923763275
0.6535606980323792
0.9614697098731995
0.5881096124649048
0.678410530090332
0.5539669990539551
0.1697579026222229
0.39223602414131165
0.7348955869674683
0.8015219569206238
0.9665461778640747
0.4216971695423126
0.3893508017063141
0.33232957124710083
0.20303508639335632
0.30182337760925293
0.16075816750526428
0.8580250144004822
0.5113667845726013
0.6986061334609985
0.5410990715026855
0.3486168384552002
0.46904951333999634
0.3428460955619812
0.3934878408908844
0.7218159437179565
0.6219668984413147
0.820123553276062
0.6845282912254333
0.8753079771995544
0.7685493230819702
0.3062445819377899
0.3317466974258423
0.4758280813694
0.4083036780357361
0.6082571148872375
0.8435070514678955
0.31108373403549194
0.5925664305686951
0.43670928478240967
0.7386910915374756
0.7354949116706848
0.5548720955848694
0.5325648784637451
0.6033938527107239
0.5759826898574829
0.9240734577178955
0.5116187930107117
0.8572463989257812
0.14426252245903015
0.8613719344139099
0.7259677052497864
0.8597615361213684
0.19751404225826263
0.6987307667732239
0.3627879023551941
0.5705636143684387
0.05204184725880623
0.17261870205402374
0.4615361988544464
0.5395022034645081
0.5647862553596497
0.3460726737976074
0.8648015260696411
0.7150108218193054
0.3294796347618103
0.4225239157676697
0.6904301047325134
0.37805211544036865
0.9583721160888672
0.6734834313392639
0.34289026260375977
0.30348125100135803
0.8012390732765198
0.16011850535869598
0.3866439759731293
0.698435366153717
0.4193815588951111
0.4088907539844513
0.06605647504329681
0.35348016023635864
0.6995945572853088
0.6033438444137573
0.5970399379730225
0.5801465511322021
0.23258407413959503
0.33670225739479065
0.273468554019928
0.19814644753932953
0.8069359660148621
0.8533063530921936
0.506521463394165
0.5521165132522583
0.819030225276947
0.444184809923172
0.168378546833992
0.07519298791885376
0.5704830288887024
0.17144089937210083
0.2936404347419739
0.6152636408805847
0.544511616230011
0.6288497447967529
0.30313026905059814
0.34688177704811096
0.41529831290245056
0.36969396471977234
0.5944269299507141
0.36921271681785583
0.2689724266529083
0.6081862449645996
0.23329897224903107
0.48235729336738586
0.40288251638412476
0.8940666913986206
0.6010159254074097
0.3016045093536377
0.321696013212204
0.424445241689682
0.33624371886253357
0.6219409108161926
0.5721668004989624
0.5626187920570374
0.5777283906936646
0.14878319203853607
0.288503497838974
0.3639761507511139
0.31290894746780396
0.2769206762313843
0.1180315911769867
0.025099018588662148
0.5019481778144836
0.5807201862335205
0.2610630691051483
0.23168125748634338
0.5337334871292114
0.5087928771972656
0.324591726064682
0.20797975361347198
0.7254350185394287
0.2294711172580719
0.5046728253364563
0.20019766688346863
0.5528020858764648
0.30950576066970825
0.30792906880378723
0.6271712183952332
0.08391827344894409
0.07172905653715134
0.07970988750457764
0.8045589923858643
0.23278115689754486
0.4297179579734802
0.6899804472923279
0.3445751965045929
0.6911342144012451
0.6824236512184143
0.5959992408752441
0.7896167635917664
0.4527568221092224
0.3249858617782593
0.6655447483062744
0.4785778224468231
0.5210972428321838
0.2262258231639862
0.366607129573822
0.6154932975769043
0.6313371658325195
0.13802173733711243
0.29004886746406555
0.7114443778991699
0.23438426852226257
0.24545608460903168
0.3539007008075714
0.10032942146062851
0.6142749786376953
0.12575997412204742
0.3474608361721039
0.7682372331619263
0.4054064452648163
0.4949636161327362
0.4727514386177063
0.24752572178840637
0.7089818120002747
0.40919744968414307
0.04509318619966507
0.8005168437957764
0.6098294258117676
0.878547728061676
0.6720279455184937
0.5393727421760559
0.06322105973958969
0.20055675506591797
0.34654635190963745
0.4334025979042053
0.4973453879356384
0.47630980610847473
0.16363847255706787
0.8144736886024475
0.7960076928138733
0.2341901808977127
0.46214553713798523
0.8129464387893677
0.5532350540161133
0.6383939981460571
0.4455563724040985
0.15410321950912476
0.9563108086585999
0.6075913310050964
0.6757038831710815
0.08261004835367203
0.42171376943588257
0.3166208565235138
0.03441930189728737
0.17708811163902283
0.7946350574493408
0.4931347072124481
0.09694207459688187
0.1020161509513855
0.5141295790672302
0.8956081867218018
0.33451804518699646
0.5766674876213074
0.6032345294952393
0.5664902329444885
0.8014596104621887
0.18674398958683014
0.3372308313846588
0.2274768203496933
0.5154778957366943
0.5397118330001831
0.2451622486114502
0.38774383068084717
0.568449854850769
0.45978477597236633
0.36693447828292847
0.12289483845233917
0.23904402554035187
0.4759174883365631
0.24756240844726562
0.7925010919570923
0.42592570185661316
0.23710976541042328
0.454462468624115
0.4577989876270294
0.47233614325523376
0.4388139843940735
0.5839663147926331
0.3824827969074249
0.11583736538887024
0.11460990458726883
0.9608768224716187
0.4128377139568329
0.4602442681789398
0.3233966827392578
0.4200960695743561
0.5897324681282043
0.15978582203388214
0.8395799994468689
0.24437619745731354
0.35079658031463623
0.2946316599845886
0.7976281642913818
0.48758891224861145
0.7423520684242249
0.14291778206825256
0.7605161666870117
0.6614395976066589
0.33661147952079773
0.21491660177707672
0.15055683255195618
0.5030552744865417
0.24088402092456818
0.3094341456890106
0.507416844367981
0.5563816428184509
0.16759032011032104
0.4040606915950775
0.4578435719013214
0.313845157623291
0.7123112082481384
0.3905111253261566
0.7150400280952454
1.0874742269515991
0.06790731102228165
1.0161244869232178
0.4895343780517578
0.4472540318965912
0.5816923975944519
0.71060711145401
0.8131691813468933
0.7999997735023499
0.3075917661190033
0.2662242650985718
0.7019643187522888
0.3388929069042206
0.7296132445335388
0.7923891544342041
0.9545184969902039
0.6738313436508179
0.8227641582489014
0.7658205032348633
0.37531161308288574
0.8349325060844421
0.0840078592300415
0.8598576784133911
0.878278374671936
0.872072696685791
0.5992955565452576
0.8773201107978821
0.7986199259757996
0.403155118227005
0.8681950569152832
0.8542073369026184
0.7174522280693054
0.7684281468391418
0.7508559226989746
1.1711608171463013
0.5820310115814209
0.7996995449066162
0.7176489233970642
0.4816702604293823
0.6786356568336487
0.811406135559082
0.9295703172683716
0.8934183120727539
0.7396708726882935
0.5828519463539124
0.6411958932876587
0.5138213038444519
0.6071790456771851
0.46744459867477417
0.9194490909576416
0.519473671913147
0.7194207906723022
0.83183354139328
0.6478025913238525
0.5988494753837585
0.558178186416626
0.7004074454307556
0.9855536222457886
0.869665265083313
0.9059529304504395
0.7010962963104248
1.1209673881530762
0.9653070569038391
0.6317263841629028
0.40669217705726624
0.6252853274345398
0.6823117733001709
0.5220150351524353
1.0937283039093018
0.39831551909446716
0.8944372534751892
0.4540271461009979
0.8948528170585632
0.8917495012283325
0.8753812313079834
0.7965017557144165
0.8774808645248413
0.8112637400627136
0.8846084475517273
0.8191223740577698
0.9877992868423462
0.40588998794555664
1.0346369743347168
0.6894895434379578
0.8650063872337341
0.5126798152923584
0.5953727960586548
0.6918231844902039
0.707787275314331
0.30506017804145813
0.49768248200416565
0.4981970191001892
0.7236238718032837
0.6824605464935303
0.3277239501476288
0.8981621861457825
0.9384114146232605
0.6165745258331299
0.31374722719192505
0.8701438307762146
0.6245654821395874
1.1809624433517456
0.902127742767334
0.3290691673755646
0.8691463470458984
0.8284004330635071
0.4691060483455658
0.6848728060722351
0.47467392683029175
0.5578031539916992
0.11917821317911148
0.5815213918685913
0.4160996675491333
0.19835732877254486
0.3319684565067291
0.543727695941925
0.3080299198627472
0.2918100953102112
0.3074447512626648
0.2053847759962082
0.19925491511821747
0.5267819762229919
0.5990708470344543
0.25871118903160095
0.8630766272544861
0.8657260537147522
0.2837476134300232
0.699041485786438
0.4699123203754425
0.34752964973449707
0.4890514016151428
0.3711478114128113
0.22666293382644653
0.349996954202652
0.2603590190410614
0.4734983742237091
0.7135168313980103
0.42481258511543274
0.17897851765155792
0.23619291186332703
0.550938606262207
0.759776771068573
0.5743442177772522
0.5540714263916016
0.41244080662727356
0.21831519901752472
0.16647949814796448
0.6380316615104675
0.6605357527732849
0.9557801485061646
0.333575576543808
0.25815901160240173
0.10325153172016144
0.0279341209679842
0.07121118903160095
0.22968269884586334
0.7605227828025818
0.5042155981063843
0.6474341154098511
0.31102925539016724
0.11838924139738083
0.37510111927986145
0.20507694780826569
0.1638994663953781
0.4982970356941223
0.40928784012794495
0.7081699967384338
0.6383981108665466
0.6571478247642517
0.5816091299057007
0.21425841748714447
0.3402000963687897
0.3624618947505951
0.19019579887390137
0.6460140347480774
0.623822808265686
0.32124337553977966
0.362413227558136
0.44458848237991333
0.5822075605392456
0.5791997909545898
0.43809959292411804
0.3139169216156006
0.3776460289955139
0.3740578591823578
0.8928606510162354
0.28286057710647583
0.7106059789657593
0.2926688492298126
0.6853626370429993
0.7122837901115417
0.8022862076759338
0.21407683193683624
0.7344167828559875
0.20333699882030487
0.44853320717811584
0.27827274799346924
0.08243759721517563
0.446902334690094
0.38277098536491394
0.45993220806121826
0.41543346643447876
0.786834716796875
0.513347327709198
0.10788925737142563
0.5170210599899292
0.520527184009552
0.19166970252990723
0.7498764991760254
0.4704083204269409
0.23066170513629913
0.39768528938293457
0.5881732702255249
0.5385682582855225
0.7557410001754761
1.0924018621444702
0.1673184633255005
0.9963118433952332
0.45467349886894226
0.5689346790313721
0.6331350803375244
0.6062742471694946
0.7782436609268188
0.8432202935218811
0.17314273118972778
0.2685653865337372
0.562760591506958
0.2624914050102234
0.6642144918441772
0.8323505520820618
0.9730307459831238
0.6573721170425415
0.9456669688224792
0.899666965007782
0.4017522633075714
0.9144321084022522
0.1007458046078682
0.7479367852210999
0.8822401165962219
0.8283164501190186
0.4665191173553467
0.8149793148040771
0.7139069437980652
0.4992789924144745
0.9441048502922058
0.7139384150505066
0.6361210346221924
0.6741925477981567
0.8076679706573486
1.1741753816604614
0.6790304780006409
0.8460911512374878
0.7404296398162842
0.3483659625053406
0.6245127320289612
0.8793676495552063
0.9750339984893799
1.0234286785125732
0.6002258062362671
0.5852055549621582
0.5667004585266113
0.43743911385536194
0.5361959338188171
0.33189159631729126
0.9963247776031494
0.6075705885887146
0.8096840977668762
0.7748309373855591
0.5826625227928162
0.6348212361335754
0.5474300384521484
0.627866268157959
0.9509816765785217
0.8456620573997498
0.971445620059967
0.7926470041275024
1.1001566648483276
0.9742260575294495
0.5051460862159729
0.45575571060180664
0.6524766087532043
0.6377202868461609
0.6481847763061523
1.0695654153823853
0.4405108094215393
0.8269720077514648
0.5339983701705933
0.925281822681427
0.9220789074897766
0.7361896634101868
0.7604550123214722
0.8344249725341797
0.7947592735290527
1.0023711919784546
0.7457732558250427
1.0328584909439087
0.2577808201313019
1.0576932430267334
0.8021892309188843
0.9649539589881897
0.3795720338821411
0.7300333976745605
0.5792872309684753
0.7439095973968506
0.1902921050786972
0.40376797318458557
0.5725135803222656
0.7355779409408569
0.7274954319000244
0.4111066162586212
0.9869528412818909
0.9309347867965698
0.5613040328025818
0.4359121322631836
0.8874363899230957
0.5975333452224731
1.1759225130081177
0.8909538984298706
0.2344226986169815
0.8401961326599121
0.8779624700546265
0.1720058023929596
0.4650020897388458
0.2858119308948517
0.5263378024101257
0.5253412127494812
0.42699670791625977
0.11787067353725433
0.4862575829029083
0.2574860751628876
0.3276946246623993
0.22112181782722473
0.35794416069984436
0.44509994983673096
0.32737576961517334
0.4808046817779541
0.3178965151309967
0.20132461190223694
0.34085845947265625
0.423534631729126
0.08708702027797699
0.7090260982513428
0.7255673408508301
0.23859356343746185
0.5205100178718567
0.5438452363014221
0.44873589277267456
0.3198350667953491
0.28437215089797974
0.410482794046402
0.3146470785140991
0.3080904483795166
0.38593313097953796
0.5322418212890625
0.5761666297912598
0.24508671462535858
0.3206307888031006
0.3697376251220703
0.6062836050987244
0.43486300110816956
0.3686148524284363
0.22641539573669434
0.39891940355300903
0.13596831262111664
0.4568256139755249
0.4749232530593872
0.8020650744438171
0.5014271140098572
0.08407727628946304
0.18848784267902374
0.20327886939048767
0.16960854828357697
0.4079466760158539
0.5777918696403503
0.37596485018730164
0.48302575945854187
0.2639787495136261
0.15734076499938965
0.20651939511299133
0.0486367866396904
0.20597872138023376
0.39242324233055115
0.2777262330055237
0.5233321189880371
0.47679054737091064
0.5315753817558289
0.4135826826095581
0.3918282389640808
0.2588389813899994
0.18496838212013245
0.11329232156276703
0.5352420806884766
0.502578616142273
0.24857529997825623
0.3400427997112274
0.3360658586025238
0.39885544776916504
0.3957805335521698
0.5848790407180786
0.20528455078601837
0.2890699505805969
0.22395919263362885
0.7307196259498596
0.289997398853302
0.5258583426475525
0.45864859223365784
0.5104343891143799
0.564595103263855
0.6309774518013
0.39841219782829285
0.6162793040275574
0.3529040813446045
0.26462191343307495
0.4076855480670929
0.2627350091934204
0.3212376534938812
0.19776783883571625
0.28059032559394836
0.36162376403808594
0.6087749600410461
0.3607942461967468
0.11502186954021454
0.4642523527145386
0.3414376676082611
0.03349257633090019
0.6054509878158569
0.3202502131462097
0.3556600511074066
0.2759692966938019
0.4025639295578003
0.593246340751648
0.18605273962020874
0.5708441734313965
0.6833774447441101
0.8092423677444458
0.6401995420455933
0.6520589590072632
0.35764119029045105
0.8166629076004028
0.6490204930305481
0.09737987816333771
0.4454194903373718
0.7480248212814331
0.39855581521987915
0.492429256439209
0.09118493646383286
0.36635351181030273
0.27590957283973694
0.7299740314483643
0.759498655796051
0.44677889347076416
1.0992298126220703
1.1040163040161133
0.5165372490882874
0.9200528860092163
0.6137231588363647
0.183244988322258
0.644904375076294
0.4479609429836273
0.11136559396982193
0.3764512836933136
0.23074504733085632
0.7085809707641602
0.9303520321846008
0.18696102499961853
0.20331919193267822
0.17148123681545258
0.7685109972953796
0.8715099692344666
0.8122710585594177
0.7604138851165771
0.6166688203811646
0.2236572653055191
0.3036845624446869
0.8552502393722534
0.850917398929596
1.1921579837799072
0.10249628126621246
0.4816944897174835
0.2164507508277893
0.2424197643995285
0.2303091585636139
0.240820050239563
0.9742174744606018
0.7426596879959106
0.8793440461158752
0.36696887016296387
0.2535470426082611
0.6034256815910339
0.43193352222442627
0.23515702784061432
0.5691033601760864
0.5262801051139832
0.9158135652542114
0.8715082406997681
0.7341533899307251
0.728655993938446
0.06685977429151535
0.576852023601532
0.5847781300544739
0.3423422574996948
0.8832179307937622
0.6980916261672974
0.5572267770767212
0.36862534284591675
0.6826419830322266
0.7635840177536011
0.7609174847602844
0.20186100900173187
0.4308779537677765
0.45455202460289
0.518428385257721
1.1263335943222046
0.29132622480392456
0.894392728805542
0.3215663433074951
0.8405511379241943
0.9494786262512207
1.0303688049316406
0.1931915134191513
0.9721707105636597
0.053527504205703735
0.6616266965866089
0.3908863663673401
0.2174043357372284
0.685332179069519
0.5787308812141418
0.6803573966026306
0.6439428925514221
1.0083428621292114
0.6420462131500244
0.28729772567749023
0.7415274977684021
0.6928349733352661
0.3910324275493622
0.8476032018661499
0.6007185578346252
0.3665724992752075
0.5059307217597961
0.7931120991706848
0.6942497491836548
0.2384900152683258
0.5711145401000977
0.39991623163223267
0.6069138050079346
0.7360042333602905
0.6174567341804504
0.5821524858474731
0.29391321539878845
0.7585918307304382
0.5774649977684021
0.039171215146780014
0.3706485629081726
0.670507550239563
0.3959251642227173
0.45361393690109253
0.16759951412677765
0.33878007531166077
0.20066282153129578
0.6524121761322021
0.682520866394043
0.3691138029098511
1.0289610624313354
1.037095069885254
0.46069517731666565
0.844190239906311
0.5987166166305542
0.18413297832012177
0.5679309964179993
0.37803882360458374
0.14886334538459778
0.313942551612854
0.17323896288871765
0.6506070494651794
0.8538097143173218
0.2528628706932068
0.12959951162338257
0.11790918558835983
0.6923215389251709
0.8002828359603882
0.7447402477264404
0.6830189228057861
0.5393730998039246
0.23451940715312958
0.2257196307182312
0.7788602709770203
0.7729312181472778
1.122016191482544
0.18025727570056915
0.407866507768631
0.1391904652118683
0.18778172135353088
0.1560613512992859
0.25206682085990906
0.8972433805465698
0.6769964098930359
0.8066949844360352
0.29832330346107483
0.17587578296661377
0.530189573764801
0.35949504375457764
0.1584673821926117
0.5022290349006653
0.45208683609962463
0.8383517265319824
0.7994634509086609
0.667871356010437
0.652637243270874
0.10530871152877808
0.5170478820800781
0.5100259780883789
0.26435935497283936
0.8222789764404297
0.6320084929466248
0.49829304218292236
0.31054383516311646
0.6201282143592834
0.685671329498291
0.6829966902732849
0.26391205191612244
0.3555549085140228
0.3847493827342987
0.44167327880859375
1.054135799407959
0.22868196666240692
0.816489040851593
0.33457151055336
0.7641389966011047
0.8805347084999084
0.9560559391975403
0.2086559236049652
0.9100866317749023
0.027932172641158104
0.5850709676742554
0.3806474208831787
0.18028825521469116
0.6196918487548828
0.5010366439819336
0.6048662066459656
0.5915626883506775
0.9324648380279541
0.5674538016319275
0.21117621660232544
0.692040205001831
0.615119218826294
0.31452515721321106
0.7784520387649536
0.5256966948509216
0.34740471839904785
0.4325406849384308
0.7155832648277283
0.6758562326431274
0.17715729773044586
0.5684879422187805
0.3250807523727417
0.0779862254858017
0.49542760848999023
0.8950586915016174
0.2575826644897461
0.8636587858200073
0.43339258432388306
0.15725906193256378
0.36124107241630554
0.7326493859291077
0.7004292607307434
0.5707675814628601
0.46662643551826477
0.26912441849708557
0.7960950136184692
0.4061732590198517
0.6785078048706055
0.5679212212562561
0.7495012283325195
0.5475268959999084
0.5325685739517212
0.47946497797966003
0.25958216190338135
0.564032256603241
0.32391440868377686
0.8818230032920837
0.6986237168312073
0.7685601115226746
0.6914170384407043
0.8051830530166626
0.7741109132766724
0.144782155752182
0.5996534824371338
0.9384932518005371
0.6962034106254578
0.7647706866264343
0.5074296593666077
0.9781839847564697
0.30400314927101135
0.5664098262786865
0.5237391591072083
0.5937011241912842
0.6150450706481934
0.5523674488067627
0.691162645816803
0.6053197383880615
0.8308704495429993
0.4409542381763458
0.6189004778862
0.5204214453697205
0.5846545696258545
0.5863552093505859
0.6489077210426331
0.2551345229148865
0.4424445629119873
0.7546206116676331
0.6080983281135559
0.39964860677719116
0.4434298276901245
0.6657646894454956
0.8583327531814575
0.733924150466919
0.6463298797607422
0.4235806167125702
0.9646751880645752
0.773076593875885
0.7070453763008118
0.23406659066677094
0.43589696288108826
0.6018652319908142
0.2317827194929123
0.9438798427581787
0.24217291176319122
0.8298475742340088
0.21101608872413635
0.6769352555274963
0.6741300225257874
0.9556634426116943
0.6873337030410767
0.7723265290260315
0.6687253713607788
0.594158947467804
0.7719306945800781
0.7477421164512634
0.5602021217346191
0.8199419975280762
0.40017464756965637
0.5794348120689392
0.6187083125114441
0.309150755405426
0.7318858504295349
0.49530932307243347
0.4393599331378937
0.5377009510993958
0.25586673617362976
0.5454989075660706
0.459736704826355
0.12906062602996826
0.6188048124313354
0.771812915802002
0.5652515888214111
0.03340069204568863
0.6717023253440857
0.523875892162323
0.9989241361618042
0.7436595559120178
0.4261876344680786
0.7414369583129883
0.5895857214927673
0.29045671224594116
0.5345378518104553
0.42148080468177795
0.4906773269176483
0.7550022006034851
0.7080522775650024
0.27808892726898193
0.35769984126091003
0.7084362506866455
0.24278411269187927
0.299032598733902
0.6093588471412659
0.3346421420574188
0.3798774182796478
0.06450233608484268
0.30928874015808105
0.6197478771209717
0.5111375451087952
0.56368088722229
0.49651244282722473
0.2000059336423874
0.2910943627357483
0.28645825386047363
0.10337533801794052
0.7452442049980164
0.7841024398803711
0.4116666615009308
0.5051835775375366
0.7282931804656982
0.4472200870513916
0.1719055473804474
0.13243654370307922
0.5218647718429565
0.208407923579216
0.28956589102745056
0.5230732560157776
0.5035955309867859
0.6179300546646118
0.2727815508842468
0.33262762427330017
0.3586721122264862
0.43305397033691406
0.5143839120864868
0.32436269521713257
0.200393944978714
0.5439265966415405
0.17506428062915802
0.43501779437065125
0.38738346099853516
0.8349614143371582
0.5733809471130371
0.20675605535507202
0.2683883309364319
0.35225024819374084
0.2744455337524414
0.556270182132721
0.538044810295105
0.4766882359981537
0.5130481719970703
0.16564369201660156
0.23138059675693512
0.2777116596698761
0.21876218914985657
0.23811787366867065
0.21306920051574707
0.09340297430753708
0.4712047576904297
0.5136670470237732
0.34717801213264465
0.2594541609287262
0.4900725185871124
0.41410398483276367
0.239028200507164
0.14052526652812958
0.6406241655349731
0.31814178824424744
0.40970030426979065
0.23946727812290192
0.46186426281929016
0.2958138585090637
0.29345226287841797
0.6197967529296875
0.0626336932182312
0.13400106132030487
0.04739823937416077
0.7496929168701172
0.23840832710266113
0.42533135414123535
0.618938148021698
0.36904704570770264
0.6203364133834839
0.6323661804199219
0.5354651212692261
0.708872377872467
0.41986462473869324
0.2576950490474701
0.5841524600982666
0.40960732102394104
0.43230879306793213
0.1543896347284317
0.2957024872303009
0.5207922458648682
0.589289128780365
0.18618211150169373
0.22045089304447174
0.6174851655960083
0.22200115025043488
0.1561800241470337
0.42637959122657776
0.14335329830646515
0.5323258638381958
0.09505821764469147
0.3514513075351715
0.7763184309005737
0.3272121250629425
0.7537039518356323
0.18448087573051453
0.47322747111320496
0.39609336853027344
0.6471818685531616
0.7638328671455383
1.152930498123169
0.18195225298404694
1.0975761413574219
0.5907377600669861
0.43559083342552185
0.627805769443512
0.8329606652259827
0.9058788418769836
0.8444585204124451
0.4384990632534027
0.3672441840171814
0.8320518732070923
0.4606371223926544
0.8378427624702454
0.8394477367401123
1.0130640268325806
0.7598788738250732
0.7934459447860718
0.7245650887489319
0.45213839411735535
0.8490462899208069
0.21503318846225739
0.983473539352417
0.9476854801177979
0.9683090448379517
0.7287614941596985
0.9822591543197632
0.9136039614677429
0.4234704077243805
0.8846469521522522
0.9842004179954529
0.8320978283882141
0.8870862722396851
0.7863215208053589
1.2368255853652954
0.588842511177063
0.8417971134185791
0.7788169384002686
0.6116819381713867
0.7829467058181763
0.8360740542411804
0.9693574905395508
0.8542009592056274
0.8697226047515869
0.661388099193573
0.7544257640838623
0.6302151679992676
0.7197129130363464
0.5977534055709839
0.9339106678962708
0.5383500456809998
0.7270824313163757
0.9349325895309448
0.7573105096817017
0.6553704142570496
0.6449490785598755
0.8119561076164246
1.0755596160888672
0.9556257128715515
0.9303919076919556
0.7081714868545532
1.2017526626586914
1.0299971103668213
0.7600129246711731
0.46595752239227295
0.686693012714386
0.782258152961731
0.49974721670150757
1.1767350435256958
0.4630644619464874
1.001449465751648
0.48487019538879395
0.9463326930999756
0.9433643221855164
1.0051883459091187
0.8900741338729858
0.9732922315597534
0.8941296339035034
0.8597510457038879
0.9294458031654358
1.0267860889434814
0.5369148254394531
1.0887547731399536
0.6754537224769592
0.8592236638069153
0.6425327658653259
0.5585139393806458
0.8165945410728455
0.7601004242897034
0.43457600474357605
0.6196738481521606
0.5307384133338928
0.7916365265846252
0.729183554649353
0.36875906586647034
0.9023382067680359
1.0137568712234497
0.7226873636245728
0.31627193093299866
0.9311268925666809
0.7174975872039795
1.2516191005706787
0.9802662134170532
0.4550859332084656
0.9577940702438354
0.867347002029419
0.13102804124355316
0.6534512639045715
0.2964608073234558
0.6848098039627075
0.821541428565979
0.7993619441986084
0.28501754999160767
0.8632538914680481
0.17254559695720673
0.5676142573356628
0.4836443364620209
0.5433982610702515
0.28323546051979065
0.25971436500549316
0.03726242482662201
0.5749454498291016
0.41215309500694275
0.2557259500026703
0.5380947589874268
0.3317483961582184
0.7075382471084595
0.4161404073238373
0.4520435333251953
0.24900339543819427
0.423380970954895
0.2673722803592682
0.463240385055542
0.4730258882045746
0.19953350722789764
0.3280012011528015
0.5302507877349854
0.7018415927886963
0.372530072927475
0.4819174110889435
0.6206828355789185
0.5417717099189758
0.5600602030754089
0.18633981049060822
0.35307249426841736
0.8192038536071777
0.4982699751853943
0.5738189816474915
0.21063655614852905
0.6509240865707397
0.18154671788215637
0.2553003430366516
0.19692690670490265
0.5706055760383606
0.3878172039985657
0.28401681780815125
0.38527750968933105
0.5561443567276001
0.7335034608840942
0.17212602496147156
0.43684640526771545
0.4040764272212982
0.4117986559867859
0.573083758354187
0.4049918055534363
0.12766069173812866
0.25113141536712646
0.49173209071159363
0.4091433882713318
0.07596305012702942
0.20996737480163574
0.4593074917793274
0.5504857897758484
0.4264052212238312
0.37454986572265625
0.24016794562339783
0.6416815519332886
0.4454774558544159
0.613903284072876
0.14202506840229034
0.11519013345241547
0.35915854573249817
0.2917563319206238
0.623273491859436
0.1568116545677185
0.570864737033844
0.11947671324014664
0.35492992401123047
0.3519544303417206
0.8299941420555115
0.4033527970314026
0.4841093420982361
0.3606242537498474
0.4933300316333771
0.5354448556900024
0.443546861410141
0.5936957597732544
0.4973885416984558
0.3142220973968506
0.41079872846603394
0.58174729347229
0.3666991889476776
0.5942120552062988
0.16915012896060944
0.49849939346313477
0.45302990078926086
0.08247865736484528
0.22361083328723907
0.13855446875095367
0.22286605834960938
0.4099973142147064
0.4481949806213379
0.36481228470802307
0.29462316632270813
0.3442343771457672
0.2779446542263031
0.6713576912879944
0.42363038659095764
0.4550725817680359
0.4387768507003784
0.28465715050697327
0.5444309711456299
0.40018290281295776
0.5972447991371155
0.25333020091056824
0.6360141038894653
0.5663828253746033
0.3276141583919525
0.3506680727005005
0.5914162993431091
0.5047797560691833
0.6129844784736633
0.6400914788246155
0.4610882103443146
0.2511707544326782
0.709846556186676
0.49536439776420593
0.10482773929834366
0.24748355150222778
0.5614919066429138
0.4569988548755646
0.45505857467651367
0.28967049717903137
0.36824655532836914
0.07751169800758362
0.5431346893310547
0.561119019985199
0.2617620825767517
0.9461643099784851
0.9634859561920166
0.42594531178474426
0.7433139681816101
0.634025514125824
0.21122026443481445
0.4465600550174713
0.2577716112136841
0.2637694478034973
0.205312579870224
0.09495998173952103
0.6042471528053284
0.7497621178627014
0.35008230805397034
0.013725435361266136
0.08387406915426254
0.5908588767051697
0.6780791878700256
0.6722526550292969
0.57484370470047
0.4328886568546295
0.3228575885295868
0.11376172304153442
0.6759020686149597
0.6573472619056702
1.0390970706939697
0.2981383502483368
0.32166680693626404
0.06600529700517654
0.19016700983047485
0.10103949159383774
0.339079350233078
0.7908040285110474
0.6107041239738464
0.7180494070053101
0.18058297038078308
0.0821571871638298
0.4430345594882965
0.28123152256011963
0.03799313306808472
0.38432252407073975
0.32893702387809753
0.7290981411933899
0.7128642201423645
0.5498107671737671
0.5300218462944031
0.22474336624145508
0.4701891839504242
0.41718485951423645
0.15198518335819244
0.7657824754714966
0.5142791271209717
0.45433586835861206
0.20979894697666168
0.5633202195167542
0.5682253241539001
0.5656618475914001
0.35540613532066345
0.23249702155590057
0.2645554840564728
0.31995564699172974
0.9654055833816528
0.12570832669734955
0.6987635493278503
0.41731032729148865
0.6418942809104919
0.8025920987129211
0.8607257008552551
0.3037281036376953
0.8497741222381592
0.14513927698135376
0.48265698552131653
0.43259501457214355
0.21933726966381073
0.5545873045921326
0.3915862441062927
0.5074061155319214
0.5595431327819824
0.8311361074447632
0.4442894756793976
0.12745462357997894
0.663541316986084
0.496168851852417
0.21839113533496857
0.6576357483863831
0.40258756279945374
0.38911905884742737
0.3095933794975281
0.6062736511230469
0.7038295865058899
0.16541871428489685
0.6224706768989563
0.23801976442337036
0.19866254925727844
0.12316934019327164
0.6844252347946167
0.275246262550354
0.8186601400375366
0.49076923727989197
0.38953346014022827
0.39643463492393494
0.7593281269073486
0.24313656985759735
0.33745473623275757
0.7067698240280151
0.439372718334198
0.31564006209373474
0.04901556670665741
0.41739073395729065
0.632297933101654
0.5611909031867981
0.5038691759109497
0.5194716453552246
0.14301732182502747
0.3994829058647156
0.36337050795555115
0.18643048405647278
0.8566691279411316
0.8946341872215271
0.48065677285194397
0.6147801876068115
0.7702657580375671
0.3534255921840668
0.25310489535331726
0.04647885262966156
0.4814549684524536
0.09699247032403946
0.20036377012729645
0.6146008968353271
0.6115680932998657
0.5356115698814392
0.21101006865501404
0.252886563539505
0.4696732461452484
0.45972809195518494
0.6212998032569885
0.4327544867992401
0.31183162331581116
0.5271520614624023
0.1589163988828659
0.5445320010185242
0.4837712049484253
0.9464021325111389
0.5071983933448792
0.29238250851631165
0.23859639465808868
0.3527520000934601
0.2583305239677429
0.5417882204055786
0.6438091993331909
0.5790584087371826
0.6244029998779297
0.058645330369472504
0.20928268134593964
0.3817669451236725
0.28712302446365356
0.1881151646375656
0.17360001802444458
0.11658889800310135
0.5754032135009766
0.6248084306716919
0.3359481394290924
0.3242984414100647
0.44318073987960815
0.4958164393901825
0.34435606002807617
0.14531613886356354
0.7432995438575745
0.30138713121414185
0.4878952205181122
0.12807078659534454
0.5569409728050232
0.39035001397132874
0.38839957118034363
0.5344974398612976
0.049792926758527756
0.05275452136993408
0.13539518415927887
0.860878050327301
0.14089122414588928
0.5154051780700684
0.6135491728782654
0.437391459941864
0.7306827306747437
0.7428052425384521
0.5126498341560364
0.8146995306015015
0.3599492907524109
0.3691154420375824
0.6005931496620178
0.402788907289505
0.5314432382583618
0.26579463481903076
0.4067222476005554
0.6010259985923767
0.6977992653846741
0.23195886611938477
0.22118496894836426
0.7018243074417114
0.3145946264266968
0.20864833891391754
0.43966275453567505
0.19302698969841003
0.5506606698036194
0.09402747452259064
0.4581797420978546
0.826880156993866
0.3250506520271301
0.781865119934082
0.24207499623298645
0.4128885865211487
0.34060558676719666
0.7296645045280457
0.11144617199897766
0.9244028329849243
0.45163261890411377
0.21844050288200378
0.2168959677219391
0.46409669518470764
0.5678761601448059
0.3811071515083313
0.18464256823062897
0.4714534878730774
0.21394357085227966
0.38835853338241577
0.20152035355567932
0.2852006256580353
0.5118337273597717
0.3735380470752716
0.5498773455619812
0.3828250467777252
0.23946556448936462
0.26783287525177
0.35346221923828125
0.04915464669466019
0.6577962040901184
0.6821033358573914
0.26534292101860046
0.45441365242004395
0.5929990410804749
0.49750176072120667
0.25451454520225525
0.2707067131996155
0.48307380080223083
0.32264837622642517
0.3476944863796234
0.3794754147529602
0.4638558626174927
0.6378031969070435
0.29604583978652954
0.370196133852005
0.30231812596321106
0.5457838177680969
0.39695829153060913
0.2964044213294983
0.15321047604084015
0.47282901406288147
0.17952938377857208
0.3888242244720459
0.40086132287979126
0.7503496408462524
0.5687269568443298
0.05871041491627693
0.25108978152275085
0.27736011147499084
0.23739680647850037
0.4816359579563141
0.5080285668373108
0.3472870886325836
0.4276635944843292
0.27228647470474243
0.21606789529323578
0.15747617185115814
0.08098309487104416
0.25574779510498047
0.3610587418079376
0.2386508584022522
0.45164549350738525
0.4234592914581299
0.48582059144973755
0.34757494926452637
0.46263885498046875
0.2661033570766449
0.12692365050315857
0.14532370865345
0.5109107494354248
0.45961520075798035
0.2614994943141937
0.3513658046722412
0.32139894366264343
0.32525336742401123
0.32215774059295654
0.6449965238571167
0.1897110641002655
0.27397480607032776
0.1767355352640152
0.6744927763938904
0.3174477517604828
0.4518255591392517
0.5305309295654297
0.44024544954299927
0.5188024640083313
0.5694990754127502
0.4724954664707184
0.5862668752670288
0.4174971282482147
0.19512589275836945
0.47349146008491516
0.33678632974624634
0.29726511240005493
0.12380146235227585
0.2163095474243164
0.3727410137653351
0.5426352620124817
0.3046538233757019
0.1792180985212326
0.47041481733322144
0.26998797059059143
0.07551968842744827
0.5493334531784058
0.2669549882411957
0.4217468202114105
0.24317823350429535
0.33005857467651367
0.6354644894599915
0.25985297560691833
0.6284076571464539
0.07408378273248672
0.46650147438049316
0.39004454016685486
0.499650239944458
0.14820857346057892
0.7174813151359558
0.21979087591171265
0.2914276123046875
0.2355668991804123
0.26724979281425476
0.6688510775566101
0.46667349338531494
0.6667110919952393
0.3928438127040863
0.13385581970214844
0.15350261330604553
0.697722852230072
0.5490774512290955
0.3312194347381592
0.5875824093818665
0.36593055725097656
0.8152223229408264
0.4806295335292816
0.5861627459526062
0.3315807282924652
0.5193495750427246
0.4050588309764862
0.36445316672325134
0.3545025587081909
0.2564314305782318
0.31837940216064453
0.5246253609657288
0.8308413028717041
0.4892261028289795
0.6186991333961487
0.7214305400848389
0.6794731020927429
0.6934537887573242
0.11398031562566757
0.3526681959629059
0.9364069700241089
0.6282088756561279
0.7034859657287598
0.26180189847946167
0.7498445510864258
0.07322604954242706
0.3245895206928253
0.3166777789592743
0.6549190878868103
0.5211818814277649
0.30266058444976807
0.4447574317455292
0.4541291892528534
0.8440057039260864
0.30740559101104736
0.5622926950454712
0.5107421278953552
0.5343884825706482
0.6542292833328247
0.4032132923603058
0.010184516198933125
0.2033519595861435
0.62938392162323
0.5376202464103699
0.20926779508590698
0.3392106294631958
0.5902228355407715
0.6817288994789124
0.5589229464530945
0.396791011095047
0.18560335040092468
0.7608233690261841
0.5506749153137207
0.7209450006484985
0.18630537390708923
0.2483978122472763
0.49440842866897583
0.15412074327468872
0.7454831600189209
0.2076108306646347
0.7085096836090088
0.07889130711555481
0.44091561436653137
0.4383768141269684
0.9488284587860107
0.5406970977783203
0.6206918954849243
0.4937026798725128
0.40882495045661926
0.6714978218078613
0.5003247857093811
0.6594975590705872
0.5824310183525085
0.21090978384017944
0.3572412133216858
0.6709500551223755
0.2309248000383377
0.7125924825668335
0.2736145853996277
0.5504470467567444
0.5522735714912415
0.06560280919075012
0.35116979479789734
0.23201684653759003
0.19699911773204803
0.3821466267108917
0.5685470700263977
0.49247005581855774
0.21754148602485657
0.449203759431839
0.41227805614471436
0.7767743468284607
0.5486451387405396
0.5154751539230347
0.5727908611297607
0.3444083034992218
0.5171125531196594
0.5120041370391846
0.6078617572784424
0.38538193702697754
0.7504844665527344
0.6851945519447327
0.24973614513874054
0.48686864972114563
0.5336388349533081
0.13771530985832214
0.6197646856307983
0.5891795754432678
0.3572613596916199
0.3838152587413788
0.7751883864402771
0.28465649485588074
0.7335883975028992
0.30687618255615234
0.1787392944097519
0.24788494408130646
0.613483726978302
0.5656633377075195
0.46558505296707153
0.4147849678993225
0.1934625655412674
0.695955216884613
0.32364216446876526
0.5468510389328003
0.45984727144241333
0.6334317922592163
0.4128458499908447
0.5342937111854553
0.5040591359138489
0.13238993287086487
0.49791279435157776
0.340157151222229
0.759876012802124
0.5734698176383972
0.6336654424667358
0.5943385362625122
0.6708562970161438
0.6450097560882568
0.08069565892219543
0.5300251245498657
0.8317865133285522
0.5687597393989563
0.6394085884094238
0.41193240880966187
0.858924150466919
0.25669729709625244
0.4638148844242096
0.40108704566955566
0.5092880129814148
0.4826619327068329
0.4715481996536255
0.5927963852882385
0.6186249256134033
0.7287747263908386
0.3065260648727417
0.4928499758243561
0.40500369668006897
0.45947030186653137
0.5051881074905396
0.5817422866821289
0.18550457060337067
0.388031005859375
0.6201940178871155
0.47915101051330566
0.27671539783477783
0.3087034225463867
0.5365941524505615
0.7249301671981812
0.6008575558662415
0.5660215616226196
0.3706478476524353
0.835766613483429
0.6523784399032593
0.6036977767944336
0.0992371216416359
0.31022465229034424
0.4680176377296448
0.2553445100784302
0.8137314319610596
0.10769118368625641
0.6958863139152527
0.11476534605026245
0.5662379860877991
0.5632598400115967
0.8474366068840027
0.5524543523788452
0.6374672651290894
0.5360696911811829
0.585869550704956
0.6398433446884155
0.6507720351219177
0.49615752696990967
0.7086101770401001
0.38490790128707886
0.5424462556838989
0.5303831100463867
0.3459950089454651
0.6173145174980164
0.37999624013900757
0.3802589476108551
0.4313367009162903
0.15822818875312805
0.41831234097480774
0.3494167625904083
0.01227563340216875
0.5662958025932312
0.6439797282218933
0.43531766533851624
0.10821225494146347
0.5524036288261414
0.3892980217933655
0.8763099312782288
0.6139721870422363
0.3529603183269501
0.6076475381851196
0.4909926950931549
0.3399944603443146
0.41552209854125977
0.4225161075592041
0.3562191426753998
0.6455826163291931
0.5920689702033997
0.13494892418384552
0.5130991339683533
0.3801446259021759
0.21130916476249695
0.5575222969055176
0.5947211980819702
0.3652346432209015
0.18539854884147644
0.2664419412612915
0.5168103575706482
0.7885806560516357
0.5978761911392212
0.6139926314353943
0.41642650961875916
0.316444456577301
0.8694181442260742
0.5966254472732544
0.23014569282531738
0.881267786026001
0.668156087398529
1.0259987115859985
0.7606238722801208
0.710796058177948
0.2472231239080429
0.3823007345199585
0.5098848938941956
0.24614426493644714
0.3233376741409302
0.5405275821685791
0.03182254359126091
0.8451020121574402
0.9707371592521667
0.42963284254074097
0.6535152196884155
0.9488987922668457
0.741928219795227
0.8148120045661926
0.43627551198005676
0.057836998254060745
1.1188548803329468
0.7742987871170044
0.8462442755699158
0.180506631731987
0.5800544619560242
0.2600294053554535
0.2144283801317215
0.3414965569972992
0.9106892943382263
0.6574105620384216
0.10134348273277283
0.23758919537067413
0.32088014483451843
1.0473177433013916
0.46565836668014526
0.7318521738052368
0.7321802377700806
0.7154734134674072
0.9143921136856079
0.09023477882146835
0.3204861283302307
0.12154363095760345
0.7012483477592468
0.6971453428268433
0.3481600880622864
0.5178312063217163
0.7341390252113342
0.655155599117279
0.5606015920639038
0.12723809480667114
0.14045178890228271
0.660891056060791
0.4341058135032654
0.9352900385856628
0.4751850366592407
0.36148208379745483
0.6201496124267578
0.3701479434967041
0.6609945297241211
0.49382030963897705
0.772928774356842
0.39098355174064636
0.3024904131889343
0.30220624804496765
1.1257518529891968
0.5981384515762329
0.6520785093307495
0.5129591226577759
0.2251751869916916
0.7709560394287109
0.26885321736335754
0.9380720853805542
0.3995383381843567
0.21073612570762634
0.09920502454042435
0.9192870259284973
0.3644126355648041
0.8979475498199463
0.2885749638080597
0.8419573307037354
0.7861972451210022
0.35184696316719055
0.3863978683948517
0.2654416859149933
0.5169892311096191
0.06556019932031631
0.5038434863090515
0.659130334854126
0.5339910387992859
0.36265313625335693
0.5563318729400635
0.6241913437843323
0.5093013644218445
0.7994158267974854
0.5836105346679688
0.19545786082744598
0.8394246697425842
0.7226117849349976
0.9242636561393738
0.5459042191505432
0.9457671642303467
0.8702941536903381
0.5639743208885193
0.5356264710426331
0.8486219644546509
0.34451234340667725
0.7709335684776306
0.6455194354057312
0.48107752203941345
0.3223657011985779
0.50496506690979
0.22647015750408173
0.5763336420059204
0.650801420211792
0.620341420173645
0.5145260691642761
0.2801266014575958
0.21365004777908325
0.7945902943611145
0.5666391253471375
0.24006053805351257
0.7571517825126648
0.5394745469093323
0.9369621276855469
0.6413269639015198
0.6520377993583679
0.2504570782184601
0.4286251962184906
0.45137104392051697
0.24536213278770447
0.28417807817459106
0.41695234179496765
0.14025680720806122
0.7084355354309082
0.9104706048965454
0.4400130808353424
0.6311226487159729
0.8523226380348206
0.7101215124130249
0.7597818970680237
0.29768067598342896
0.17723096907138824
1.0423762798309326
0.7082356214523315
0.7829251885414124
0.16271723806858063
0.6498270630836487
0.12101805955171585
0.2266920655965805
0.30261552333831787
0.802289605140686
0.5923735499382019
0.14957734942436218
0.3127695918083191
0.337485671043396
0.9615514874458313
0.38301682472229004
0.6553534865379333
0.6352142095565796
0.6340053081512451
0.8042380213737488
0.22452400624752045
0.1830674111843109
0.01992581970989704
0.6643393039703369
0.6238338351249695
0.2604422867298126
0.4305928647518158
0.6680645942687988
0.6600655913352966
0.5493848919868469
0.23352530598640442
0.011469441466033459
0.6995503902435303
0.47284483909606934
0.843923032283783
0.3486431837081909
0.2861296832561493
0.5581310987472534
0.24303027987480164
0.6925086379051208
0.3685624599456787
0.7410242557525635
0.25605326890945435
0.3437621295452118
0.3422076106071472
1.0516413450241089
0.5639328360557556
0.6311370730400085
0.49154260754585266
0.2641241252422333
0.7241522073745728
0.3602239489555359
0.8205199837684631
0.4704456925392151
0.1251601278781891
0.18091203272342682
0.8139700293540955
0.2597871720790863
0.8179467916488647
0.24538221955299377
0.7185671925544739
0.6851991415023804
0.220535010099411
0.34816959500312805
0.20688124001026154
0.38034868240356445
0.19802843034267426
0.5207422375679016
0.5819298028945923
0.394810289144516
0.3815572261810303
0.48434141278266907
0.6867139339447021
0.5145233869552612
0.6788496971130371
0.5692620873451233
0.2288728505373001
0.7006593942642212
0.6296840310096741
0.7899777293205261
0.46695852279663086
0.8622974753379822
0.7900151610374451
0.4250063896179199
0.502361536026001
0.7098591327667236
0.2323472499847412
0.7027247548103333
0.613531768321991
0.4130140542984009
0.18412791192531586
0.36850255727767944
0.13926462829113007
0.5115716457366943
0.7078978419303894
0.500285804271698
0.5730578899383545
0.16660964488983154
0.6273974180221558
0.46270906925201416
0.15782612562179565
0.34764060378074646
0.5841122269630432
0.31061333417892456
0.3255700170993805
0.2606103718280792
0.22389814257621765
0.19798658788204193
0.5668521523475647
0.6296286582946777
0.2925768196582794
0.9103692770004272
0.9131777882575989
0.32848572731018066
0.7434225082397461
0.48978739976882935
0.3091577887535095
0.5177158117294312
0.37906262278556824
0.18411238491535187
0.34577324986457825
0.23934906721115112
0.5193038582801819
0.757034420967102
0.37772610783576965
0.1607411950826645
0.20634223520755768
0.5943631529808044
0.7805023789405823
0.6218066215515137
0.5949583053588867
0.4522452652454376
0.19453811645507812
0.18053750693798065
0.6815280318260193
0.6981455683708191
1.0031070709228516
0.2862277328968048
0.3020898103713989
0.09713223576545715
0.05538046360015869
0.07756498456001282
0.20832256972789764
0.8034345507621765
0.5516331791877747
0.6939771771430969
0.31192469596862793
0.1254793256521225
0.420637309551239
0.24963469803333282
0.1565008908510208
0.5075374245643616
0.42760801315307617
0.7497056722640991
0.6851604580879211
0.6696422696113586
0.6089984774589539
0.1680762618780136
0.3865416646003723
0.40652039647102356
0.2108306735754013
0.6926645040512085
0.6354106068611145
0.36729341745376587
0.35428890585899353
0.49159932136535645
0.6174687743186951
0.6145250201225281
0.39134541153907776
0.3299383521080017
0.38576188683509827
0.3984394371509552
0.9397463202476501
0.2714501917362213
0.7469083070755005
0.27974554896354675
0.7152129411697388
0.7596937417984009
0.8481667637825012
0.18438981473445892
0.7813044786453247
0.1578492671251297
0.4906522035598755
0.2855008542537689
0.07272758334875107
0.4943281412124634
0.4203084707260132
0.5038101673126221
0.45892825722694397
0.8313981890678406
0.5359067916870117
0.13180458545684814
0.5594366788864136
0.5533280968666077
0.22746169567108154
0.7675264477729797
0.492834210395813
0.24243168532848358
0.4136849343776703
0.6288395524024963
0.5621830224990845
0.04746512696146965
0.47538384795188904
0.22638322412967682
0.19117264449596405
0.13266080617904663
0.5757719874382019
0.35107865929603577
0.6809709072113037
0.44735249876976013
0.14710581302642822
0.3341597616672516
0.299050509929657
0.5593917369842529
0.45953354239463806
0.7674593925476074
0.6763517260551453
0.5035958290100098
0.6480255126953125
0.5864934921264648
0.5026836395263672
0.2117694467306137
0.6767042875289917
0.4790186882019043
0.10464891046285629
0.28196728229522705
0.5670202374458313
0.40074220299720764
0.40460315346717834
0.26834848523139954
0.3128715753555298
0.11738790571689606
0.5489492416381836
0.5850810408592224
0.2657321095466614
0.9310926198959351
0.9430031180381775
0.3858144283294678
0.7411758303642273
0.5788403749465942
0.2419768124818802
0.4707934260368347
0.30227288603782654
0.2243727296590805
0.2586388885974884
0.14941145479679108
0.5697319507598877
0.7504188418388367
0.35251152515411377
0.06998243182897568
0.12394439429044724
0.5891385078430176
0.7164011597633362
0.6506420373916626
0.5794869661331177
0.4358223080635071
0.27089250087738037
0.12508270144462585
0.6755495071411133
0.670686662197113
1.0241869688034058
0.28353554010391235
0.30731260776519775
0.03573254868388176
0.13591139018535614
0.06014181300997734
0.28659313917160034
0.7937119007110596
0.585562527179718
0.7065539360046387
0.22923098504543304
0.0725313201546669
0.42991119623184204
0.2611220180988312
0.07250020653009415
0.4304630756378174
0.36384379863739014
0.7348428964614868
0.6999697685241699
0.59502112865448
0.5581042766571045
0.19090057909488678
0.43519261479377747
0.4081553816795349
0.16294606029987335
0.7362441420555115
0.5599476099014282
0.4180167317390442
0.2650589346885681
0.5332820415496826
0.5844154357910156
0.5816817283630371
0.3613605797290802
0.26542994379997253
0.30907657742500305
0.3458509147167206
0.9542226195335388
0.18145978450775146
0.7152239680290222
0.36331066489219666
0.6682193279266357
0.7843815684318542
0.8542050123214722
0.2539243996143341
0.8222191333770752
0.13074125349521637
0.4817104637622833
0.37623119354248047
0.1629917025566101
0.5286232829093933
0.3976857364177704
0.5022191405296326
0.5192804932594299
0.8294228911399841
0.4771213233470917
0.10878778994083405
0.6224859356880188
0.5150401592254639
0.21133911609649658
0.6989733576774597
0.43451792001724243
0.3329719007015228
0.3467157483100891
0.6121026277542114
0.6496124267578125
0.11290648579597473
0.5661433339118958
0.22366848587989807
0.18104763329029083
0.10355336964130402
0.6418266892433167
0.29917335510253906
0.7659354209899902
0.47038447856903076
0.056368712335824966
0.2598421275615692
0.2868208885192871
0.5942031145095825
0.5181622505187988
0.7675418853759766
0.6902808547019958
0.090760238468647
0.38232097029685974
0.717370331287384
0.6847667098045349
0.7734494805335999
0.6365682482719421
0.2759442627429962
0.34855589270591736
0.9310286045074463
0.7211885452270508
0.3915364742279053
0.8373478055000305
0.614894688129425
1.0615053176879883
0.7336686849594116
0.7981643080711365
0.4035230278968811
0.57365483045578
0.6001337170600891
0.11110304296016693
0.12814895808696747
0.5097896456718445
0.23736236989498138
0.748449981212616
1.0539087057113647
0.5942466855049133
0.7863864302635193
0.9707850217819214
0.8637676239013672
0.9064933061599731
0.34448301792144775
0.2720103859901428
1.1757100820541382
0.8504713177680969
0.9258206486701965
0.31645113229751587
0.786202073097229
0.18304094672203064
0.3771929442882538
0.4578486979007721
0.9079105257987976
0.7364474534988403
0.28150099515914917
0.4425942003726959
0.2016664445400238
1.088604211807251
0.522258996963501
0.7924149036407471
0.7567480802536011
0.7681630849838257
0.9074677228927612
0.300606369972229
0.25863754749298096
0.149714857339859
0.8171576261520386
0.7632293701171875
0.40208667516708374
0.5653316378593445
0.8107261657714844
0.8156529664993286
0.7054058909416199
0.3407120704650879
0.14456041157245636
0.8490350842475891
0.6209044456481934
0.9674113392829895
0.43961864709854126
0.4326435625553131
0.7039859890937805
0.2040937840938568
0.843906581401825
0.4609090983867645
0.8945355415344238
0.33153122663497925
0.48924779891967773
0.4880903661251068
1.1864886283874512
0.7178218364715576
0.7865427732467651
0.6472583413124084
0.1625562459230423
0.8740085363388062
0.48079267144203186
0.9121373891830444
0.6049841642379761
0.0429583303630352
0.17067672312259674
0.9233103394508362
0.162266343832016
0.9507251977920532
0.4008239805698395
0.8011401295661926
0.8016527891159058
0.31337887048721313
0.5030352473258972
0.3611108660697937
0.4348125457763672
0.23725643754005432
0.6744096279144287
0.7196980118751526
0.4101226329803467
0.533765971660614
0.6268075704574585
0.8269614577293396
0.6697457432746887
0.7679344415664673
0.725196897983551
0.37349438667297363
0.7231906056404114
0.755039393901825
0.8398816585540771
0.6060106158256531
0.9920887351036072
0.9229015111923218
0.4329491853713989
0.656758189201355
0.7036304473876953
0.356520414352417
0.8439196944236755
0.7675527334213257
0.5588281750679016
0.2533620595932007
0.4249001741409302
0.21501338481903076
0.15602967143058777
0.8024358153343201
0.8263896107673645
0.7444245219230652
0.9036586880683899
0.599037230014801
0.750697910785675
0.3917527496814728
0.827763557434082
0.692937433719635
0.19837230443954468
0.537601113319397
0.815301239490509
0.34015682339668274
0.47838887572288513
0.0560634583234787
0.34274664521217346
0.36789020895957947
0.7977566123008728
0.8444854617118835
0.518223762512207
1.1356257200241089
1.1316734552383423
0.529413104057312
0.9765664339065552
0.5631823539733887
0.2795153260231018
0.7302308082580566
0.5465631484985352
0.05671015381813049
0.4796125590801239
0.3349568247795105
0.7210401296615601
0.9901915192604065
0.20814204216003418
0.2980009615421295
0.2760251462459564
0.8275185227394104
0.9686964154243469
0.8437090516090393
0.8266089558601379
0.6832045912742615
0.16511161625385284
0.38430023193359375
0.9146875739097595
0.9254972338676453
1.2277367115020752
0.09371061623096466
0.5352668166160583
0.2916243076324463
0.2709406614303589
0.2949271500110626
0.17893165349960327
1.0363836288452148
0.7705308198928833
0.9241779446601868
0.4666019380092621
0.32951873540878296
0.6529881358146667
0.4826272130012512
0.32426297664642334
0.6701899766921997
0.6193632483482361
0.9817593097686768
0.914535641670227
0.8357142210006714
0.8171877861022949
0.06881893426179886
0.595445990562439
0.6396982669830322
0.4214947521686554
0.8992767333984375
0.7997646927833557
0.5746422410011292
0.4732227027416229
0.7045632004737854
0.841418445110321
0.8386021852493286
0.22988422214984894
0.5219634771347046
0.5532659888267517
0.605114221572876
1.1682829856872559
0.394179105758667
0.9719679951667786
0.2492312490940094
0.9276164174079895
0.9832528829574585
1.0799555778503418
0.134833425283432
0.9897958636283875
0.1525649130344391
0.723342776298523
0.3424220383167267
0.22515769302845
0.7139636278152466
0.6489354968070984
0.7370092868804932
0.6474082469940186
1.0644891262054443
0.7341881990432739
0.35444024205207825
0.7382062077522278
0.773451566696167
0.45650383830070496
0.9469698667526245
0.6920279264450073
0.3314170241355896
0.6003766655921936
0.8602290749549866
0.6463750600814819
0.2778948247432709
0.5067375898361206
0.4587385952472687
0.10585123300552368
0.16854731738567352
0.7472227215766907
0.5585749745368958
0.7766222357749939
0.674954354763031
0.2908162474632263
0.5089702010154724
0.5302063226699829
0.7774099707603455
0.6510080695152283
1.0004106760025024
0.9061208367347717
0.23319995403289795
0.2594383656978607
1.026196837425232
